REQUESTID,DATETIMEINIT,SOURCE,DESCRIPTION,REQCATEGORY,LAT,LONG,STATUS,DATETIMECLOSED,COUNCILDISTRICT,PROBADDRESS,City,State,TIMETOCLOSE
"323,439",12/8/2009 11:05,Phone or Email,Streets - Street Deterioration,STREETSW,37.78827342,-122.1901048,UNFUNDED,,CCD4,4448 PAMPAS AV,Oakland,CA,40000
"323,234",12/4/2009 16:20,Phone or Email,Streets - Potholes/Depression,STREETSW,37.82778391,-122.1948242,CANCEL,,CCD4,8 RYDAL CT,Oakland,CA,40000
"323,034",12/2/2009 12:51,Phone or Email,Streets/Sidewalks - Curb & Gutter Repair,STREETSW,37.80638039,-122.2072523,UNFUNDED,,CCD4,4100 LINCOLN AVE,Oakland,CA,40000
"323,003",12/2/2009 10:23,Phone or Email,Streets - Street Deterioration,STREETSW,37.83726266,-122.2257336,CLOSED,,CCD1,HARBORD DR & FLORENCE AV,Oakland,CA,40000
"321,683",11/13/2009 12:58,Phone or Email,Streets - Street Deterioration,STREETSW,37.81606615,-122.26249,UNFUNDED,,CCD3,275 28TH ST,Oakland,CA,40000
"320,488",11/2/2009 14:56,Phone or Email,Streets - Potholes/Depression,STREETSW,37.80812607,-122.306184,CANCEL,,CCD3,7TH ST & BAY ST,Oakland,CA,40000
"320,012",10/28/2009 16:18,Phone or Email,Streets - Street Deterioration,STREETSW,37.80709181,-122.2083903,UNFUNDED,,CCD4,2312 TIFFIN RD,Oakland,CA,40000
"319,523",10/22/2009 9:48,Phone or Email,Streets - Street Deterioration,STREETSW,37.81377773,-122.255144,UNFUNDED,,CCD3,PERKINS ST & JAYNE AV,Oakland,CA,40000
"319,414",10/21/2009 11:41,Phone or Email,Streets/Sidewalks Maintenance - General,STREETSW,37.77980583,-122.2039835,CANCEL,,CCD4,2438 FRANCIS ST,Oakland,CA,40000
"318,961",10/19/2009 8:47,Phone or Email,Streets/Sidewalks Maintenance - General,STREETSW,37.82714331,-122.2748112,UNFUNDED,,CCD1,37TH ST & MARKET ST,Oakland,CA,40000
"318,791",10/15/2009 16:03,Phone or Email,Streets - Street Deterioration,STREETSW,37.84711494,-122.2520425,CLOSED,,CCD1,CHABOT RD & COLLEGE AV,Oakland,CA,40000
"318,181",10/12/2009 16:27,Phone or Email,Streets/Sidewalks Maintenance - General,STREETSW,37.84587886,-122.2596131,UNFUNDED,,CCD1,465 MCAULEY ST,Oakland,CA,40000
"318,076",10/12/2009 9:46,Phone or Email,Streets - Street Deterioration,STREETSW,37.81913177,-122.2534458,UNFUNDED,,CCD2,OAKLAND AV & SANTA CLARA AV,Oakland,CA,40000
"317,310",10/2/2009 15:10,Phone or Email,Streets/Sidewalks Maintenance - General,STREETSW,37.83830812,-122.2114745,UNFUNDED,,CCD4,5534 MERRIEWOOD DR,Oakland,CA,40000
"317,268",10/2/2009 11:19,Phone or Email,Streets/Sidewalks - Curb & Gutter Repair,STREETSW,37.78898617,-122.2084999,UNFUNDED,,CCD4,2716 35TH AV,Oakland,CA,40000
"315,903",9/17/2009 15:38,Phone or Email,Streets - Speed Bump Repair,STREETSW,37.81645259,-122.2751858,CANCEL,,CCD3,MEAD AV & SAN PABLO AV,Oakland,CA,40000
"315,352",9/14/2009 10:21,Phone or Email,Streets - Street Deterioration,STREETSW,37.80112933,-122.2073877,UNFUNDED,,CCD4,2701 MADELINE ST,Oakland,CA,40000
"313,717",8/25/2009 10:38,Phone or Email,Streets/Sidewalks Maintenance - General,STREETSW,37.84156432,-122.2343369,UNFUNDED,,CCD1,84 WILDING LN,Oakland,CA,40000
"312,589",8/12/2009 14:35,Phone or Email,Streets - Street Deterioration,STREETSW,37.81822404,-122.203103,UNFUNDED,,CCD4,MOUNTAIN BLVD & ASCOT DR,Oakland,CA,40000
"312,442",8/11/2009 14:13,Phone or Email,Streets - Street Deterioration,STREETSW,37.77986648,-122.2359762,CLOSED,,CCD5,E 11TH ST & 25TH AV,Oakland,CA,40000
"312,395",8/11/2009 10:11,Phone or Email,Streets - Potholes/Depression,STREETSW,37.82283762,-122.2101967,CANCEL,,CCD4,6684 SIMS DR,Oakland,CA,40000
"312,385",8/11/2009 9:09,Phone or Email,Streets - Potholes/Depression,STREETSW,37.78006881,-122.2025118,CANCEL,,CCD4,2500 LILAC ST,Oakland,CA,40000
"312,376",8/11/2009 8:38,Phone or Email,Streets - Street Deterioration,STREETSW,37.80896426,-122.256138,UNFUNDED,,CCD3,PERKINS ST & GRAND AV,Oakland,CA,40000
"310,547",7/17/2009 16:20,Phone or Email,Streets - Street Deterioration,STREETSW,37.84458618,-122.2102199,UNFUNDED,,CCD1,6468 VALLEY VIEW RD,Oakland,CA,40000
"310,465",7/17/2009 9:47,Phone or Email,Streets/Sidewalks Maintenance - General,STREETSW,37.81720381,-122.2385806,UNFUNDED,,CCD2,622 BOULEVARD WY,Oakland,CA,40000
"310,006",7/10/2009 16:31,Phone or Email,Streets - Street Deterioration,STREETSW,37.83014789,-122.1918307,UNFUNDED,,CCD4,DORAN DR & WESTOVER DR,Oakland,CA,40000
"309,967",7/10/2009 14:53,Phone or Email,Streets - Street Deterioration,STREETSW,37.81291076,-122.2594998,UNFUNDED,,CCD3,VERNON ST & VERNON TER,Oakland,CA,40000
"309,844",7/9/2009 14:02,Phone or Email,Streets - Street Deterioration,STREETSW,37.83014789,-122.1918307,UNFUNDED,,CCD4,DORAN DR & WESTOVER DR,Oakland,CA,40000
"309,721",7/8/2009 14:29,Phone or Email,Streets - Street Deterioration,STREETSW,37.78733798,-122.1948045,CLOSED,,CCD4,MACARTHUR BL & HIGH ST,Oakland,CA,40000
"309,178",7/2/2009 9:18,Phone or Email,Streets - Street Deterioration,STREETSW,37.85080046,-122.2424405,CLOSED,,CCD1,CHABOT RD & ROANOKE RD,Oakland,CA,40000
"309,645",7/8/2009 9:34,Phone or Email,Streets - Street Deterioration,STREETSW,37.74103421,-122.1613175,UNFUNDED,,CCD7,1943 105TH AVE,Oakland,CA,40000
"315,380",9/14/2009 11:52,Phone or Email,Streets - Street Deterioration,STREETSW,37.74439261,-122.172645,UNFUNDED,,CCD7,1307 97TH AV,Oakland,CA,40000
"317,279",10/2/2009 12:20,Phone or Email,Streets/Sidewalks Maintenance - General,STREETSW,37.74543153,-122.178203,UNFUNDED,,CCD7,9307 D ST,Oakland,CA,40000
"315,876",9/17/2009 15:03,Phone or Email,Streets - Street Deterioration,STREETSW,37.74550961,-122.1794708,UNFUNDED,,CCD7,9226 E ST,Oakland,CA,40000
"320,709",11/4/2009 9:02,Phone or Email,Streets/Sidewalks Maintenance - General,STREETSW,37.75682053,-122.2007578,UNFUNDED,,CCD7,66TH AV  & SAN LEANDRO ST,Oakland,CA,40000
"320,530",11/2/2009 15:45,Phone or Email,Streets - Potholes/Depression,STREETSW,37.76328284,-122.1669808,CANCEL,,CCD6,8030 IDLEWOOD ST,Oakland,CA,40000
"322,783",12/1/2009 9:55,Phone or Email,Streets - Berm Repair or Install,STREETSW,37.76729005,-122.1599982,CANCEL,,CCD6,7977 SUNKIST DR,Oakland,CA,40000
"312,373",8/11/2009 8:24,Phone or Email,Streets/Sidewalks - Curb & Gutter Repair,STREETSW,37.77478501,-122.1861955,CANCEL,,CCD6,3027 SEMINARY AV,Oakland,CA,40000
"312,392",8/11/2009 9:47,Phone or Email,Streets - Street Deterioration,STREETSW,37.7692049,-122.2046262,CLOSED,6/23/2016 19:04,CCD6,1521 54TH AV,Oakland,CA,2508.4
"310,597",7/20/2009 14:30,Phone or Email,Streets - Street Deterioration,STREETSW,37.7602836,-122.2023248,CLOSED,8/7/2015 9:53,CCD6,1100 62ND AVE,Oakland,CA,2208.8
"313,730",8/25/2009 11:40,Phone or Email,Streets/Sidewalks Maintenance - General,STREETSW,37.7729754,-122.1899955,CLOSED,7/21/2015 10:54,CCD6,5807 FLEMING AV,Oakland,CA,2156
"321,710",11/13/2009 14:59,Phone or Email,Streets - Street Deterioration,STREETSW,37.77041681,-122.1818298,CLOSED,7/21/2015 16:33,CCD6,FOOTHILL BLVD & HAVENSCOURT BLVD,Oakland,CA,2076.1
"320,858",11/5/2009 9:14,Phone or Email,Streets - Street Deterioration,STREETSW,37.73795227,-122.1712272,CLOSED,5/14/2014 17:14,CCD7,104TH AV & ROYAL ANN ST,Oakland,CA,1651.3
"311,025",7/24/2009 11:26,Phone or Email,Fence - Repair or Install Along Street,STREETSW,37.79683179,-122.2127996,CLOSED,1/28/2014 12:46,CCD4,3307 WILSON AV,Oakland,CA,1649.1
"321,141",11/9/2009 9:28,Phone or Email,Fence - Repair or Install Along Street,STREETSW,37.83648942,-122.2114984,CLOSED,1/28/2014 12:41,CCD4,THORNHILL DR & ALHAMBRA LN,Oakland,CA,1541.1
"314,685",9/2/2009 14:38,Phone or Email,Fence - Repair or Install Along Street,STREETSW,37.78477806,-122.1873292,CLOSED,7/29/2013 14:12,CCD4,BUELL ST & CALAVARAS AV,Oakland,CA,1426
"316,193",9/22/2009 8:54,Phone or Email,Streets/Sidewalks - Curb & Gutter Repair,STREETSW,37.79781689,-122.1988168,CLOSED,7/9/2013 15:21,CCD4,4026 ASPEN PL,Oakland,CA,1386.3
"318,150",10/12/2009 14:36,Phone or Email,Streets/Sidewalks - Curb & Gutter Repair,STREETSW,37.84563675,-122.2362748,CLOSED,7/9/2013 15:03,CCD1,6308 ACACIA AV,Oakland,CA,1366
"319,011",10/19/2009 10:56,Phone or Email,Streets/Sidewalks - Curb & Gutter Repair,STREETSW,37.8253691,-122.2079938,CLOSED,7/9/2013 14:58,CCD4,6270 MERCED AV,Oakland,CA,1359.2
"312,591",8/12/2009 14:47,Phone or Email,Streets - Guardrail Repair,STREETSW,37.82440504,-122.2062817,CLOSED,10/11/2012 15:56,CCD4,SHEPHERD CANYON RD & SNAKE RD,Oakland,CA,1156
"313,702",8/25/2009 9:54,Phone or Email,Streets - Guardrail Repair,STREETSW,37.816206,-122.2523656,CLOSED,10/11/2012 15:53,CCD3,ADAMS ST & CHETWOOD ST,Oakland,CA,1143.2
"313,521",8/21/2009 14:36,Phone or Email,Streets - Guardrail Repair,STREETSW,37.76570388,-122.2128847,CLOSED,8/25/2012 10:28,CCD5,50TH AV & E 8TH ST,Oakland,CA,1099.8
"313,756",8/25/2009 14:38,Phone or Email,Streets - Guardrail Repair,STREETSW,37.79521941,-122.1851573,CLOSED,8/25/2012 13:13,CCD4,4100 REINHARDT DR,Oakland,CA,1095.9
"322,685",11/25/2009 11:22,Phone or Email,Streets - Guardrail Repair,STREETSW,37.86406206,-122.2332864,CLOSED,10/11/2012 13:18,CCD1,CLAREMONT AV & RISPIN DR,Oakland,CA,1051.1
"312,184",8/7/2009 14:51,Phone or Email,Streets/Sidewalks Maintenance - General,STREETSW,37.85115542,-122.2647646,CLOSED,1/11/2012 10:43,,646 FAIRVIEW ST,Oakland,CA,886.8
"313,722",8/25/2009 10:45,Phone or Email,Streets/Sidewalks Maintenance - General,STREETSW,37.8315843,-122.2625746,CLOSED,1/6/2012 9:20,CCD1,477 43RD ST,Oakland,CA,863.9
"320,771",11/4/2009 14:15,Phone or Email,Streets - Potholes/Depression,STREETSW,37.83576997,-122.1847654,CLOSED,1/12/2012 13:30,CCD4,SHEPHERD CANYON RD & SKYLINE BLVD,Oakland,CA,799
"322,621",11/24/2009 15:39,Phone or Email,Streets - Potholes/Depression,STREETSW,37.8347375,-122.2629508,CLOSED,1/27/2012 9:13,CCD1,TELEGRAPH AV & 48TH ST,Oakland,CA,793.7
"323,721",12/11/2009 9:36,Phone or Email,Streets - Potholes/Depression,STREETSW,37.851174,-122.2082483,CLOSED,12/7/2011 15:28,CCD1,6285 SKYLINE BLVD,Oakland,CA,726.2
"316,508",9/24/2009 11:42,Phone or Email,Streets - Street Deterioration,STREETSW,37.76917512,-122.1632549,CLOSED,7/29/2011 12:29,CCD6,7819 MICHIGAN AV,Oakland,CA,673
"313,021",8/18/2009 13:55,Phone or Email,Streets/Sidewalks - Curb & Gutter Repair,STREETSW,37.81649464,-122.2464239,CLOSED,5/26/2011 9:42,CCD2,601 VALLE VISTA AV,Oakland,CA,645.8
"321,651",11/13/2009 9:29,Phone or Email,Streets - Street Deterioration,STREETSW,37.84175588,-122.2514934,CLOSED,8/1/2011 15:08,CCD1,COLLEGE AV & TAFT AV,Oakland,CA,626.2
"319,398",10/21/2009 10:12,Phone or Email,Streets - Potholes/Depression,STREETSW,37.80710566,-122.2352872,CLOSED,6/30/2011 9:13,CCD2,1042 TRESTLE GLEN RD,Oakland,CA,617
"324,371",12/21/2009 13:11,Phone or Email,Streets - Street Deterioration,STREETSW,37.79250616,-122.243499,CLOSED,8/11/2011 12:19,CCD2,E 18TH ST & 13TH AV,Oakland,CA,598
"312,580",8/12/2009 13:13,Phone or Email,Fence - Repair or Install Along Street,STREETSW,37.73142696,-122.1796506,CLOSED,3/7/2011 16:08,CCD7,515 105TH AVE,Oakland,CA,572.1
"319,285",10/20/2009 13:16,Phone or Email,Streets/Sidewalks Maintenance - General,STREETSW,37.77691617,-122.1950304,CLOSED,5/6/2011 17:44,CCD6,5200 HILLEN DR,Oakland,CA,563.2
"312,026",8/6/2009 8:54,Phone or Email,Streets - Potholes/Depression,STREETSW,37.78024924,-122.2020003,CLOSED,1/29/2011 15:07,CCD4,2563 LILAC ST,Oakland,CA,541.3
"313,357",8/20/2009 14:31,Phone or Email,Streets - Street Deterioration,STREETSW,37.75573832,-122.192551,CLOSED,1/21/2011 10:44,CCD7,73RD AV & SPENCER ST,Oakland,CA,518.8
"323,707",12/11/2009 8:01,Phone or Email,Streets/Sidewalks - Pathway Repair,STREETSW,37.79456565,-122.2526199,CLOSED,5/6/2011 17:19,CCD2,CLINTON PARK,Oakland,CA,511.4
"315,875",9/17/2009 15:00,Phone or Email,Streets - Street Deterioration,STREETSW,37.79712904,-122.1996595,CLOSED,2/7/2011 9:34,CCD4,3268 CALIFORNIA ST,Oakland,CA,507.8
"323,421",12/8/2009 10:08,Phone or Email,Streets - Potholes/Depression,STREETSW,37.75569978,-122.1238356,CLOSED,4/28/2011 18:29,CCD7,10709 COTTER ST,Oakland,CA,506.3
"320,336",11/2/2009 8:18,Phone or Email,Streets/Sidewalks - Pooling Water,STREETSW,37.81979465,-122.2502412,CLOSED,3/7/2011 16:34,CCD2,686 MARIPOSA AV,Oakland,CA,490.3
"321,739",11/16/2009 9:06,Phone or Email,Streets - Berm Repair or Install,STREETSW,37.7484513,-122.1528629,CLOSED,3/18/2011 11:01,CCD7,2744 99TH AV,Oakland,CA,487.1
"310,419",7/16/2009 15:02,Phone or Email,Streets - Speed Bump Repair,STREETSW,37.77425714,-122.187765,CLOSED,11/8/2010 10:47,CCD6,5863 ROBERTS AV,Oakland,CA,479.8
"309,201",7/2/2009 11:00,Phone or Email,Streets - Berm Repair or Install,STREETSW,37.84239485,-122.2139656,CLOSED,10/4/2010 10:25,CCD4,13051 BROADWAY TR,Oakland,CA,459
"320,338",11/2/2009 8:20,Phone or Email,Streets - Potholes/Depression,STREETSW,37.77640894,-122.1903747,CLOSED,1/29/2011 14:10,CCD6,ROBERTS AV & 55TH AV,Oakland,CA,453.2
"324,320",12/21/2009 10:11,Phone or Email,Streets/Sidewalks - Cross-Culvert Repair,STREETSW,37.80045307,-122.2765999,CLOSED,3/14/2011 11:09,CCD3,CLAY ST & 7TH ST,Oakland,CA,448
"324,503",12/23/2009 8:52,Phone or Email,Fence - Repair or Install Along Street,STREETSW,37.78519613,-122.1799806,CLOSED,3/7/2011 16:20,CCD4,4900 REINHARDT DR,Oakland,CA,439.3
"323,924",12/14/2009 15:34,Phone or Email,Streets/Sidewalks Maintenance - General,STREETSW,37.75241473,-122.1303956,CLOSED,2/14/2011 11:02,CCD7,4381 MALCOLM AV,Oakland,CA,426.8
"312,649",8/13/2009 9:14,Phone or Email,Streets/Sidewalks - Unsafe Condition,STREETSW,37.85082548,-122.2552097,CLOSED,10/12/2010 14:05,CCD1,365 ALCATRAZ AV,Oakland,CA,425.2
"323,522",12/8/2009 15:55,Phone or Email,Streets - Potholes/Depression,STREETSW,37.7676537,-122.2106424,CLOSED,1/29/2011 15:11,CCD5,E 12TH ST & 50TH AV,Oakland,CA,417
"323,486",12/8/2009 14:18,Phone or Email,Streets/Sidewalks Maintenance - General,STREETSW,37.86079966,-122.2242336,CLOSED,1/12/2011 16:47,CCD1,7100 MARLBOROUGH TER,Oakland,CA,400.1
"318,551",10/14/2009 10:08,Phone or Email,Streets - Street Deterioration,STREETSW,37.82806908,-122.2042016,CLOSED,11/17/2010 16:20,CCD4,32 DRAKE LN,Oakland,CA,399.3
"314,442",8/31/2009 16:42,Phone or Email,Streets - Berm Repair or Install,STREETSW,37.84292827,-122.2050173,CLOSED,10/4/2010 10:26,CCD1,6631 HEATHER RIDGE WAY,Oakland,CA,398.7
"322,563",11/24/2009 11:51,Phone or Email,Streets - Street Deterioration,STREETSW,37.80003144,-122.2207488,CLOSED,12/2/2010 13:13,CCD5,SHEFFIELD AV & MACARTHUR BLVD,Oakland,CA,373.1
"317,995",10/9/2009 12:06,Phone or Email,Streets - Street Deterioration,STREETSW,37.80237319,-122.2416052,CLOSED,10/13/2010 16:16,CCD2,PARK BLVD  &  SPRUCE ST,Oakland,CA,369.2
"309,443",7/6/2009 13:33,Phone or Email,Streets - Speed Bump Repair,STREETSW,37.76364304,-122.1803028,CLOSED,6/30/2010 16:07,CCD6,ARTHUR ST & 73RD AV,Oakland,CA,359.1
"321,543",11/12/2009 13:58,Phone or Email,Streets/Sidewalks Maintenance - General,STREETSW,37.77793258,-122.2136443,CLOSED,11/1/2010 16:12,CCD5,1962 ROSEDALE AV,Oakland,CA,354.1
"324,433",12/22/2009 9:46,Phone or Email,Streets - Speed Bump Repair,STREETSW,37.84151782,-122.2543904,CANCEL,12/10/2010 14:54,CCD1,SHAFTER AV & HUDSON ST,Oakland,CA,353.2
"318,135",10/12/2009 13:46,Phone or Email,Streets/Sidewalks - Curb & Gutter Repair,STREETSW,37.83766311,-122.2152244,CLOSED,9/21/2010 12:21,CCD4,421 CAPRICORN AV,Oakland,CA,343.9
"321,557",11/12/2009 14:29,Phone or Email,Streets/Sidewalks Maintenance - General,STREETSW,37.76105571,-122.1684981,CLOSED,10/15/2010 12:31,CCD6,2323 82ND AV,Oakland,CA,336.9
"319,258",10/20/2009 11:13,Phone or Email,Streets - Potholes/Depression,STREETSW,37.78262821,-122.2186463,CLOSED,9/18/2010 14:09,CCD5,35TH AV & EDEN LN,Oakland,CA,333.1
"321,885",11/17/2009 8:19,Phone or Email,Streets/Sidewalks - Curb & Gutter Repair,STREETSW,37.84916986,-122.2627187,CLOSED,10/15/2010 16:23,CCD1,NORTH ST & RACINE ST,Oakland,CA,332.3
"318,004",10/9/2009 13:27,Phone or Email,Streets/Sidewalks - Curb & Gutter Repair,STREETSW,37.78766215,-122.1949918,CLOSED,9/2/2010 16:00,CCD4,4276 MACARTHUR BLVD,Oakland,CA,328.1
"320,620",11/3/2009 12:30,Phone or Email,Streets - Potholes/Depression,STREETSW,37.77220891,-122.1695722,CLOSED,9/18/2010 16:32,CCD6,3035 BANTRY AV,Oakland,CA,319.2
"321,829",11/16/2009 12:37,Phone or Email,Streets - Potholes/Depression,STREETSW,37.83926209,-122.2762787,CLOSED,9/20/2010 13:43,CCD1,55TH ST & LOWELL ST,Oakland,CA,308
"319,963",10/28/2009 11:48,Phone or Email,Streets - Potholes/Depression,STREETSW,37.8269737,-122.2733043,CLOSED,8/3/2010 12:35,CCD1,849 37TH ST,Oakland,CA,279
"311,995",8/5/2009 16:09,Phone or Email,Streets - Potholes/Depression,STREETSW,37.80249216,-122.2271652,CLOSED,4/29/2010 9:37,CCD5,1450 EXCELSIOR,Oakland,CA,266.7
"312,574",8/12/2009 12:20,Phone or Email,Streets - Potholes/Depression,STREETSW,37.80267047,-122.227744,CLOSED,4/29/2010 9:42,CCD5,EXCELSIOR AV & BEAUMONT AV,Oakland,CA,259.9
"312,867",8/17/2009 15:39,Phone or Email,Streets - Potholes/Depression,STREETSW,37.80503363,-122.1791867,CLOSED,4/29/2010 9:51,CCD4,SKYLINE BLVD & JOAQUIN MILLER RD,Oakland,CA,254.8
"320,413",11/2/2009 10:45,Phone or Email,Fence - Repair or Install Along Street,STREETSW,37.79549575,-122.2207995,CLOSED,7/14/2010 8:56,CCD5,2920 MCKILLOP RD,Oakland,CA,253.9
"311,309",7/28/2009 11:36,Phone or Email,Streets - Potholes/Depression,STREETSW,37.82887306,-122.2459602,CLOSED,4/6/2010 14:11,CCD1,MORAGA AV & PLEASANT VALLEY AV,Oakland,CA,252.1
"311,127",7/27/2009 9:26,Phone or Email,Streets - Potholes/Depression,STREETSW,37.76822168,-122.2140881,CLOSED,3/30/2010 15:43,CCD5,SAN LEANDRO ST,Oakland,CA,246.3
"319,362",10/21/2009 8:34,Phone or Email,Streets - Potholes/Depression,STREETSW,37.77115262,-122.16968,CLOSED,6/22/2010 12:06,CCD6,73RD AV & BANTRY AV,Oakland,CA,244.1
"314,125",8/28/2009 9:12,Phone or Email,Streets - Potholes/Depression,STREETSW,37.80237319,-122.2416052,CLOSED,4/29/2010 9:59,CCD2,PARK BLVD & 7TH AV,Oakland,CA,244
"321,047",11/6/2009 10:12,Phone or Email,Streets - Speed Bump Repair,STREETSW,37.78261879,-122.2005422,CLOSED,6/30/2010 16:07,CCD4,COURTLAND AV & FLEMING AV,Oakland,CA,236.2
"315,955",9/18/2009 11:16,Phone or Email,Streets - Potholes/Depression,STREETSW,37.81268844,-122.214727,CLOSED,5/11/2010 11:35,Piedmont,PARK BLVD & LEIMERT BLVD,Oakland,CA,235
"320,134",10/29/2009 13:19,Phone or Email,Streets - Potholes/Depression,STREETSW,37.81893057,-122.2531224,CLOSED,6/11/2010 10:27,CCD2,150 SANTA CLARA AV,Oakland,CA,224.9
"316,120",9/21/2009 13:48,Phone or Email,Streets - Potholes/Depression,STREETSW,37.7999673,-122.2200619,CLOSED,4/29/2010 8:46,CCD4,MACARTHUR BLVD & MONTANA ST,Oakland,CA,219.8
"318,253",10/13/2009 10:50,Phone or Email,Streets - Potholes/Depression,STREETSW,37.80033072,-122.2226389,CLOSED,5/11/2010 11:37,CCD5,3491 WOODRUFF AV,Oakland,CA,210
"318,414",10/13/2009 15:52,Phone or Email,Streets - Potholes/Depression,STREETSW,37.76114867,-122.1663932,CLOSED,5/11/2010 11:36,CCD7,83RD AV & IRIS ST,Oakland,CA,209.8
"318,616",10/14/2009 14:20,Phone or Email,Streets - Potholes/Depression,STREETSW,37.85800299,-122.2315824,CLOSED,5/11/2010 11:40,CCD1,15  LIVE OAK RD,Oakland,CA,208.9
"318,867",10/16/2009 13:39,Phone or Email,Streets - Potholes/Depression,STREETSW,37.79471924,-122.2190473,CLOSED,5/11/2010 11:41,CCD5,2657 NICOL AV,Oakland,CA,206.9
"311,130",7/27/2009 9:32,Phone or Email,Streets - Potholes/Depression,STREETSW,37.84442518,-122.2334893,CLOSED,2/18/2010 11:44,CCD1,HILL RD & GOLDEN GATE AV,Oakland,CA,206.1
"312,797",8/17/2009 10:27,Phone or Email,Streets - Potholes/Depression,STREETSW,37.84742978,-122.2420946,CLOSED,3/8/2010 11:47,CCD1,6100 MARGARIDO DR,Oakland,CA,203.1
"319,252",10/20/2009 11:03,Phone or Email,Streets - Potholes/Depression,STREETSW,37.80038331,-122.2227994,CLOSED,5/11/2010 11:42,CCD5,3496 WOODRUFF AV,Oakland,CA,203
"319,547",10/22/2009 11:19,Phone or Email,Streets - Potholes/Depression,STREETSW,37.80268728,-122.2205819,CLOSED,5/11/2010 11:44,CCD5,E 38TH ST & LINWOOD AV,Oakland,CA,201
"319,689",10/26/2009 10:58,Phone or Email,Streets - Mudslides / Landslides,STREETSW,37.86079966,-122.2242336,CLOSED,5/11/2010 11:45,CCD1,7100 MARLBOROUGH TER,Oakland,CA,197
"310,285",7/15/2009 12:24,Phone or Email,Streets - Potholes/Depression,STREETSW,37.80715582,-122.243805,CLOSED,1/27/2010 14:25,CCD2,652 KENWYN RD,Oakland,CA,196.1
"319,802",10/27/2009 10:45,Phone or Email,Streets - Potholes/Depression,STREETSW,37.84572131,-122.2454387,CLOSED,5/11/2010 11:47,CCD1,5895 BROADWAY TER,Oakland,CA,196
"319,900",10/27/2009 16:40,Phone or Email,Streets - Potholes/Depression,STREETSW,37.77176054,-122.224755,CLOSED,5/11/2010 11:46,CCD5,36TH AV & EAST 8TH STREET,Oakland,CA,195.8
"320,042",10/29/2009 8:57,Phone or Email,Streets - Potholes/Depression,STREETSW,37.85961958,-122.2404442,CLOSED,5/11/2010 11:53,CCD1,17 EVERGREEN LN,Oakland,CA,194.1
"320,157",10/29/2009 14:32,Phone or Email,Streets - Potholes/Depression,STREETSW,37.80507228,-122.2323489,CLOSED,5/11/2010 11:49,CCD2,EXCELSIOR AV & PARK BLVD,Oakland,CA,193.9
"320,161",10/29/2009 14:50,Phone or Email,Streets - Potholes/Depression,STREETSW,37.81020819,-122.2169859,CLOSED,5/11/2010 11:51,CCD5,PARK BLVD & DOLORES AV,Oakland,CA,193.9
"320,270",10/30/2009 13:55,Phone or Email,Streets - Potholes/Depression,STREETSW,37.77765166,-122.2257466,CLOSED,5/11/2010 11:54,CCD5,3200 INTERNATIONAL BLVD,Oakland,CA,192.9
"320,282",10/30/2009 15:03,Phone or Email,Streets - Potholes/Depression,STREETSW,37.79497955,-122.1720988,CLOSED,5/11/2010 11:55,CCD6,12000 CAMPUS DR,Oakland,CA,192.9
"320,289",10/30/2009 15:13,Phone or Email,Streets - Potholes/Depression,STREETSW,37.80106127,-122.2226455,CLOSED,5/11/2010 11:56,CCD5,MIAMI CT & WOODRUFF AV,Oakland,CA,192.9
"320,267",10/30/2009 13:28,Phone or Email,Streets - Potholes/Depression,STREETSW,37.79867107,-122.2716244,CLOSED,5/7/2010 13:30,CCD2,718 WEBSTER ST,Oakland,CA,189
"312,695",8/13/2009 12:15,Phone or Email,Streets - Potholes/Depression,STREETSW,37.77548214,-122.2361921,CLOSED,2/18/2010 12:02,CCD5,2700 E 7TH ST,Oakland,CA,189
"319,452",10/21/2009 14:32,Phone or Email,Streets - Potholes/Depression,STREETSW,37.77986648,-122.2359762,CLOSED,4/27/2010 11:35,CCD5,25TH AV & E 11TH ST,Oakland,CA,187.9
"320,860",11/5/2009 9:26,Phone or Email,Streets - Potholes/Depression,STREETSW,37.84090704,-122.2370058,CLOSED,5/11/2010 11:58,CCD1,5865 BROADWAY TER,Oakland,CA,187.1
"321,056",11/6/2009 11:18,Phone or Email,Streets - Potholes/Depression,STREETSW,37.81389142,-122.274349,CLOSED,5/11/2010 12:00,CCD3,23RD ST & SAN PABLO AV,Oakland,CA,186
"312,812",8/17/2009 11:07,Phone or Email,Streets - Potholes/Depression,STREETSW,37.78747314,-122.1903635,CLOSED,2/18/2010 11:35,CCD4,4484 TULIP AV,Oakland,CA,185
"312,856",8/17/2009 15:02,Phone or Email,Streets - Potholes/Depression,STREETSW,37.80159921,-122.2183446,CLOSED,2/18/2010 11:35,CCD4,10 VETERAN WY,Oakland,CA,184.9
"313,062",8/18/2009 15:29,Phone or Email,Streets - Potholes/Depression,STREETSW,37.8297961,-122.2195827,CLOSED,2/18/2010 11:44,CCD4,5900 HARBORD DR,Oakland,CA,183.8
"311,303",7/28/2009 10:50,Phone or Email,Streets - Potholes/Depression,STREETSW,37.82443837,-122.2586269,CLOSED,1/27/2010 14:23,CCD1,BROADWAY & W MACARTHUR BLVD,Oakland,CA,183.1
"313,154",8/19/2009 11:21,Phone or Email,Streets - Potholes/Depression,STREETSW,37.84941855,-122.2522909,CLOSED,2/18/2010 11:44,CCD1,CLAREMONT AV & COLLEGE AV,Oakland,CA,183
"313,165",8/19/2009 12:20,Phone or Email,Streets - Potholes/Depression,STREETSW,37.78917481,-122.1912225,CLOSED,2/18/2010 11:44,CCD4,HIGH ST & PAMPAS AV,Oakland,CA,183
"321,504",11/12/2009 11:09,Phone or Email,Streets - Potholes/Depression,STREETSW,37.83513085,-122.2261308,CLOSED,5/12/2010 12:08,CCD1,CLAREWOOD DR & HARBORD DR,Oakland,CA,181
"311,302",7/28/2009 10:45,Phone or Email,Streets - Potholes/Depression,STREETSW,37.77763235,-122.2199253,CLOSED,1/25/2010 10:21,CCD5,3629 E 16TH ST,Oakland,CA,181
"311,439",7/29/2009 11:05,Phone or Email,Streets/Sidewalks - Curb & Gutter Repair,STREETSW,37.8141519,-122.2452919,CLOSED,1/26/2010 10:21,CCD2,833 WALKER AV,Oakland,CA,181
"321,446",11/12/2009 9:04,Phone or Email,Streets - Potholes/Depression,STREETSW,37.82074709,-122.2892848,CLOSED,5/11/2010 12:01,CCD3,MANDELA PKWY & 26TH ST,Oakland,CA,180.1
"321,521",11/12/2009 11:56,Phone or Email,Streets - Potholes/Depression,STREETSW,37.8071313,-122.2309256,CLOSED,5/11/2010 12:03,CCD2,1200 TRESTLE GLEN RD,Oakland,CA,180
"321,532",11/12/2009 13:05,Phone or Email,Streets - Potholes/Depression,STREETSW,37.83998972,-122.1981266,CLOSED,5/11/2010 12:02,CCD4,SKYLINE BLVD & SNAKE RD,Oakland,CA,180
"309,900",7/10/2009 9:29,Phone or Email,Streets - Potholes/Depression,STREETSW,37.80930846,-122.2628939,CLOSED,1/5/2010 11:08,CCD3,21ST ST & HARRISON ST,Oakland,CA,179.1
"313,585",8/24/2009 12:01,Phone or Email,Streets - Potholes/Depression,STREETSW,37.80450674,-122.2053778,CLOSED,2/18/2010 11:44,CCD4,POTOMAC ST & LAGUNA AV,Oakland,CA,178
"313,613",8/24/2009 14:36,Phone or Email,Streets - Potholes/Depression,STREETSW,37.7810364,-122.238042,CLOSED,2/18/2010 11:44,CCD5,1066 CALCOT PL,Oakland,CA,177.9
"313,668",8/25/2009 8:24,Phone or Email,Streets - Potholes/Depression,STREETSW,37.80935395,-122.3122692,CLOSED,2/18/2010 11:44,CCD3,7TH ST & MARITIME ST,Oakland,CA,177.1
"314,098",8/27/2009 15:49,Phone or Email,Streets - Potholes/Depression,STREETSW,37.80237319,-122.2416052,CLOSED,2/18/2010 11:44,CCD2,PARK BLVD & 7TH ST,Oakland,CA,174.8
"322,145",11/19/2009 9:09,Phone or Email,Streets - Potholes/Depression,STREETSW,37.88300605,-122.2458033,CLOSED,5/11/2010 12:04,CCD1,GRIZZLY PEAK BLVD & CENTENNIAL DR,Oakland,CA,173.1
"322,288",11/20/2009 10:17,Phone or Email,Streets - Potholes/Depression,STREETSW,37.74787193,-122.1361177,CLOSED,5/11/2010 12:57,CCD7,51 MONTWOOD WY,Oakland,CA,172.1
"322,324",11/20/2009 14:41,Phone or Email,Streets/Sidewalks - Pooling Water,STREETSW,37.77389464,-122.1984703,CLOSED,5/11/2010 12:06,CCD4,5273 COLE ST,Oakland,CA,171.9
"322,217",11/19/2009 15:25,Phone or Email,Streets - Potholes/Depression,STREETSW,37.83604072,-122.2626839,CLOSED,5/10/2010 10:27,CCD1,4919 TELEGRAPH AV,Oakland,CA,171.8
"314,829",9/3/2009 14:24,Phone or Email,Streets - Potholes/Depression,STREETSW,37.8001121,-122.2138896,CLOSED,2/18/2010 12:15,CCD4,3515 LINCOLN AV,Oakland,CA,167.9
"310,722",7/21/2009 15:00,Phone or Email,Streets/Sidewalks Maintenance - General,STREETSW,37.80310578,-122.2678737,CLOSED,1/5/2010 11:09,CCD3,312 14TH ST,Oakland,CA,167.8
"314,919",9/4/2009 9:32,Phone or Email,Streets - Potholes/Depression,STREETSW,37.81693874,-122.2019482,CLOSED,2/18/2010 12:15,CCD4,2587 EL CAMINITO,Oakland,CA,167.1
"311,581",7/30/2009 14:49,Phone or Email,Streets/Sidewalks Maintenance - General,STREETSW,37.82967058,-122.2628893,CLOSED,1/11/2010 15:39,CCD1,471 41ST ST,Oakland,CA,165
"323,789",12/11/2009 15:38,Phone or Email,Streets - Potholes/Depression,STREETSW,37.84772266,-122.2685695,CLOSED,5/25/2010 16:03,CCD1,694 62ND ST,Oakland,CA,165
"311,115",7/27/2009 8:34,Phone or Email,Streets - Potholes/Depression,STREETSW,37.81534163,-122.2560015,CLOSED,1/4/2010 13:46,CCD3,VERNON ST & PERKINS ST,Oakland,CA,161.2
"322,937",12/1/2009 15:46,Phone or Email,Streets - Potholes/Depression,STREETSW,37.84202955,-122.2130185,CLOSED,5/11/2010 12:59,CCD4,6284 CROWN AV,Oakland,CA,160.9
"322,971",12/2/2009 8:59,Phone or Email,Streets - Potholes/Depression,STREETSW,37.80229502,-122.2875835,CLOSED,5/11/2010 13:00,CCD3,5TH ST & CHESTNUT ST,Oakland,CA,160.2
"323,197",12/4/2009 12:36,Phone or Email,Streets - Potholes/Depression,STREETSW,37.81913177,-122.2534458,CLOSED,5/11/2010 13:02,CCD2,OAKLAND AV & MACARTHUR BLVD,Oakland,CA,158
"323,386",12/7/2009 16:14,Phone or Email,Streets - Potholes/Depression,STREETSW,37.80482,-122.2769987,CLOSED,5/12/2010 8:02,CCD3,655 12TH ST,Oakland,CA,155.7
"323,310",12/7/2009 11:03,Phone or Email,Streets - Potholes/Depression,STREETSW,37.75618802,-122.1694959,CLOSED,5/11/2010 13:03,CCD7,2048 86TH AV,Oakland,CA,155.1
"315,838",9/17/2009 11:10,Phone or Email,Streets - Potholes/Depression,STREETSW,37.79817104,-122.2145821,CLOSED,2/18/2010 12:43,CCD4,2540 MONTANA ST,Oakland,CA,154.1
"315,848",9/17/2009 11:36,Phone or Email,Streets - Potholes/Depression,STREETSW,37.844057,-122.2565287,CLOSED,2/18/2010 12:43,CCD1,5546 CLAREMONT AV,Oakland,CA,154
"315,897",9/17/2009 15:33,Phone or Email,Streets - Potholes/Depression,STREETSW,37.77511631,-122.1987059,CLOSED,2/18/2010 12:43,CCD4,COLE ST & TRASK ST,Oakland,CA,153.9
"309,705",7/8/2009 12:39,Phone or Email,Streets/Sidewalks - Curb & Gutter Repair,STREETSW,37.81189268,-122.2689832,CLOSED,12/9/2009 9:46,CCD3,TELEGRAPH AV &  GRAND AV,Oakland,CA,153.9
"323,426",12/8/2009 10:22,Phone or Email,Streets - Potholes/Depression,STREETSW,37.81512263,-122.2590848,CLOSED,5/10/2010 10:20,CCD3,HARRISON ST & OAKLAND AV,Oakland,CA,153
"315,998",9/18/2009 14:54,Phone or Email,Streets - Potholes/Depression,STREETSW,37.76191585,-122.1678877,CLOSED,2/18/2010 12:43,CCD6,8132 HILLSIDE ST,Oakland,CA,152.9
"309,879",7/9/2009 16:04,Phone or Email,Streets/Sidewalks - Curb & Gutter Repair,STREETSW,37.80205109,-122.2653007,CLOSED,12/9/2009 9:41,CCD3,1401 JACKSON ST,Oakland,CA,152.7
"323,531",12/9/2009 8:24,Phone or Email,Streets - Potholes/Depression,STREETSW,37.7972297,-122.2439353,CLOSED,5/10/2010 12:27,CCD2,E 21ST ST & PARK BLVD,Oakland,CA,152.2
"324,550",12/23/2009 15:59,Phone or Email,Streets - Potholes/Depression,STREETSW,37.81913177,-122.2534458,CLOSED,5/24/2010 13:35,CCD2,OAKLAND AV & MACARTHUR BLVD,Oakland,CA,151.9
"309,934",7/10/2009 12:21,Phone or Email,Streets/Sidewalks - Curb & Gutter Repair,STREETSW,37.77384273,-122.2179758,CLOSED,12/9/2009 9:42,CCD5,40TH ST & INTERNATIONAL BLVD,Oakland,CA,151.9
"323,613",12/10/2009 8:35,Phone or Email,Streets - Potholes/Depression,STREETSW,37.81913177,-122.2534458,CLOSED,5/10/2010 12:31,CCD2,OAKLAND AV & MACARTHUR BLVD,Oakland,CA,151.2
"323,615",12/10/2009 8:39,Phone or Email,Streets - Potholes/Depression,STREETSW,37.82246764,-122.2662503,CLOSED,5/10/2010 12:04,CCD3,TELEGRAPH AV & 34TH ST,Oakland,CA,151.1
"323,640",12/10/2009 10:03,Phone or Email,Streets - Potholes/Depression,STREETSW,37.81822404,-122.203103,CLOSED,5/10/2010 12:08,CCD4,ASCOT DR & MOUNTAIN BLVD,Oakland,CA,151.1
"323,642",12/10/2009 10:11,Phone or Email,Streets - Potholes/Depression,STREETSW,37.80098151,-122.2258458,CLOSED,5/10/2010 12:11,CCD5,E 14TH ST & MACARTHUR BLVD,Oakland,CA,151.1
"323,746",12/11/2009 11:59,Phone or Email,Streets - Guardrail Repair,STREETSW,37.79269057,-122.2694741,CLOSED,5/11/2010 13:11,CCD3,100 MADISON ST,Oakland,CA,151.1
"316,035",9/21/2009 8:29,Phone or Email,Streets - Potholes/Depression,STREETSW,37.78733798,-122.1948045,CLOSED,2/18/2010 12:43,CCD4,MACARTHUR BLVD & HIGH ST,Oakland,CA,150.2
"316,275",9/22/2009 15:11,Phone or Email,Streets - Potholes/Depression,STREETSW,37.82121381,-122.2060177,CLOSED,2/18/2010 12:43,CCD4,2360 MOUNTAIN BLVD,Oakland,CA,148.9
"313,003",8/18/2009 12:53,Phone or Email,Streets - Potholes/Depression,STREETSW,37.80288977,-122.2307713,CLOSED,1/13/2010 16:16,CCD5,CHATHAM RD & 13TH AV,Oakland,CA,148.1
"323,915",12/14/2009 14:06,Phone or Email,Streets - Potholes/Depression,STREETSW,37.80354932,-122.2395245,CLOSED,5/11/2010 13:12,CCD2,20 HOME PL W,Oakland,CA,148
"316,410",9/23/2009 15:13,Phone or Email,Streets - Potholes/Depression,STREETSW,37.80296179,-122.2109644,CLOSED,2/18/2010 12:56,CCD4,3809 LINCOLN AV,Oakland,CA,147.9
"323,978",12/15/2009 10:33,Phone or Email,Streets - Potholes/Depression,STREETSW,37.81275344,-122.2508749,CLOSED,5/11/2010 13:13,CCD3,319 MACARTHUR BLVD,Oakland,CA,147.1
"323,995",12/15/2009 12:02,Phone or Email,Streets - Potholes/Depression,STREETSW,37.75499777,-122.1243496,CLOSED,5/11/2010 13:14,CCD7,SCOTIA AV & KEY CT,Oakland,CA,147.1
"316,510",9/24/2009 11:57,Phone or Email,Streets - Potholes/Depression,STREETSW,37.82206395,-122.2067196,CLOSED,2/18/2010 12:56,CCD4,PARK BLVD & MOUNTAIN BLVD,Oakland,CA,147
"316,625",9/25/2009 11:26,Phone or Email,Streets - Potholes/Depression,STREETSW,37.80450763,-122.2287111,CLOSED,2/18/2010 12:56,CCD2,PARK BLVD & 13TH AV,Oakland,CA,146.1
"316,647",9/25/2009 13:43,Phone or Email,Streets - Potholes/Depression,STREETSW,37.83716935,-122.2496015,CLOSED,2/18/2010 12:56,CCD1,THOMAS AV & BROADWAY TER,Oakland,CA,146
"313,466",8/21/2009 11:38,Phone or Email,Streets - Potholes/Depression,STREETSW,37.78779116,-122.2303606,CLOSED,1/13/2010 16:20,CCD5,2366 E. 21ST ST,Oakland,CA,145.2
"324,140",12/17/2009 9:02,Phone or Email,Streets - Potholes/Depression,STREETSW,37.81913177,-122.2534458,CLOSED,5/11/2010 13:15,CCD2,OAKLAND AV & MACARTHUR BLVD,Oakland,CA,145.2
"324,154",12/17/2009 10:17,Phone or Email,Streets - Potholes/Depression,STREETSW,37.81425344,-122.2462257,CLOSED,5/11/2010 13:17,CCD2,MANDANA BLVD & GRAND AV,Oakland,CA,145.1
"324,181",12/17/2009 13:26,Phone or Email,Streets - Potholes/Depression,STREETSW,37.72819672,-122.1783014,CLOSED,5/11/2010 13:18,CCD7,10645 TOPANGA DR,Oakland,CA,145
"324,192",12/17/2009 14:47,Phone or Email,Streets/Sidewalks - Portable Barriers Maint,STREETSW,37.85111459,-122.2592211,CLOSED,5/11/2010 13:19,CCD1,446 65TH ST,Oakland,CA,144.9
"310,627",7/20/2009 15:22,Phone or Email,Streets/Sidewalks - Curb & Gutter Repair,STREETSW,37.80384627,-122.269965,CLOSED,12/9/2009 9:43,CCD2,14TH ST & FRANKLIN ST,Oakland,CA,141.8
"324,283",12/20/2009 19:01,Phone or Email,Streets - Potholes/Depression,STREETSW,37.79940435,-122.2430621,CLOSED,5/11/2010 13:21,CCD2,800 E 23RD ST,Oakland,CA,141.8
"324,284",12/20/2009 19:09,Phone or Email,Streets - Potholes/Depression,STREETSW,37.81913177,-122.2534458,CLOSED,5/11/2010 13:23,CCD2,OAKLAND AVE & SANTA CLARA AVE.,Oakland,CA,141.8
"317,058",9/30/2009 14:10,Phone or Email,Streets - Potholes/Depression,STREETSW,37.82152774,-122.2704975,CLOSED,2/18/2010 12:56,CCD3,32ND ST & MARTIN LUTHER KING JR WY,Oakland,CA,140.9
"324,193",12/17/2009 15:03,Phone or Email,Streets - Potholes/Depression,STREETSW,37.76814929,-122.1794255,CLOSED,5/7/2010 12:09,CCD6,CHURCH ST & BANCROFT AV,Oakland,CA,140.9
"324,487",12/22/2009 15:47,Phone or Email,Streets - Potholes/Depression,STREETSW,37.82103854,-122.2077279,CLOSED,5/11/2010 13:24,CCD4,PARK BLVD & MONTEREY BLVD,Oakland,CA,139.9
"323,748",12/11/2009 12:09,Phone or Email,Streets - Potholes/Depression,STREETSW,37.7654829,-122.2237097,CLOSED,4/27/2010 13:23,CCD5,4401 TIDEWATER AV,Oakland,CA,137.1
"314,157",8/28/2009 13:37,Phone or Email,Streets - Guardrail Repair,STREETSW,37.83513085,-122.2261308,CLOSED,1/11/2010 15:36,CCD1,CLAREWOOD DR & HARBORD DR,Oakland,CA,136.1
"317,730",10/7/2009 11:16,Phone or Email,Streets - Potholes/Depression,STREETSW,37.75687627,-122.1907744,CLOSED,2/18/2010 12:56,CCD7,HAMILTON ST & 73RD AV,Oakland,CA,134.1
"317,801",10/7/2009 15:59,Phone or Email,Streets - Potholes/Depression,STREETSW,37.80496887,-122.2115887,CLOSED,2/18/2010 12:56,CCD4,3926 FOREST HILL AV,Oakland,CA,133.9
"314,265",8/31/2009 10:20,Phone or Email,Streets - Guardrail Repair,STREETSW,37.83541092,-122.2295141,CLOSED,1/11/2010 14:50,CCD1,CLAREWOOD DR & TRUITT LN,Oakland,CA,133.2
"322,230",11/19/2009 15:37,Phone or Email,Streets - Potholes/Depression,STREETSW,37.81345849,-122.2686084,CLOSED,4/1/2010 11:17,CCD3,TELEGRAPH AV & 24TH ST,Oakland,CA,132.8
"313,642",8/24/2009 15:40,Phone or Email,Streets - Potholes/Depression,STREETSW,37.73477392,-122.1768555,CLOSED,1/4/2010 10:58,CCD7,GRAVENSTEIN ST & PEARMAIN ST,Oakland,CA,132.8
"311,491",7/29/2009 15:15,Phone or Email,Streets/Sidewalks - Curb & Gutter Repair,STREETSW,37.79699606,-122.274146,CLOSED,12/9/2009 9:40,CCD3,404 FRANKLIN ST,Oakland,CA,132.8
"313,824",8/26/2009 9:00,Phone or Email,Streets - Potholes/Depression,STREETSW,37.84207077,-122.2648326,CLOSED,1/5/2010 11:26,CCD1,600 AILEEN ST,Oakland,CA,132.1
"318,133",10/12/2009 13:39,Phone or Email,Streets - Potholes/Depression,STREETSW,37.79218834,-122.187366,CLOSED,2/18/2010 12:56,CCD4,4225 HARBOR VIEW AV,Oakland,CA,129
"318,156",10/12/2009 14:55,Phone or Email,Streets - Potholes/Depression,STREETSW,37.77422719,-122.1698079,CLOSED,2/18/2010 12:56,CCD6,73RD AV & HILLMONT DR,Oakland,CA,128.9
"324,326",12/21/2009 10:36,Phone or Email,Streets - Potholes/Depression,STREETSW,37.84679574,-122.2346046,CLOSED,4/27/2010 14:54,CCD1,6000 CONTRA COSTA RD,Oakland,CA,127.2
"314,291",8/31/2009 11:38,Phone or Email,Streets/Sidewalks Maintenance - General,STREETSW,37.79881827,-122.2746223,CLOSED,1/4/2010 13:25,CCD2,6TH ST & BROADWAY,Oakland,CA,126.1
"316,486",9/24/2009 10:40,Phone or Email,Streets - Potholes/Depression,STREETSW,37.79764731,-122.2493072,CLOSED,1/25/2010 10:08,CCD2,6TH & 18TH ST,Oakland,CA,123
"315,630",9/15/2009 15:26,Phone or Email,Streets - Guardrail Repair,STREETSW,37.81833641,-122.2605564,CLOSED,1/7/2010 14:20,CCD3,30TH ST & RICHMOND AV,Oakland,CA,114
"313,111",8/19/2009 8:59,Phone or Email,Streets/Sidewalks Maintenance - General,STREETSW,37.75741369,-122.183165,CLOSED,12/9/2009 9:48,CCD6,7838 INTERNATIONAL BLVD,Oakland,CA,112
"309,151",7/1/2009 15:15,Phone or Email,Streets - Potholes/Depression,STREETSW,37.75690203,-122.1681488,CLOSED,10/19/2009 13:30,CCD6,86TH AV & G ST,Oakland,CA,109.9
"312,835",8/17/2009 13:17,Phone or Email,Streets - Potholes/Depression,STREETSW,37.7535935,-122.1680538,CLOSED,12/3/2009 14:47,CCD7,2005 89TH AVE.,Oakland,CA,108.1
"309,307",7/3/2009 12:51,Phone or Email,Streets - Potholes/Depression,STREETSW,37.8019389,-122.20535,CLOSED,10/19/2009 13:43,CCD4,3869 COOLIDGE AV,Oakland,CA,108
"316,238",9/22/2009 12:33,Phone or Email,Streets - Potholes/Depression,STREETSW,37.81500079,-122.2567552,CLOSED,1/4/2010 13:48,CCD3,257 VERNON ST,Oakland,CA,104.1
"309,557",7/7/2009 13:34,Phone or Email,Streets - Potholes/Depression,STREETSW,37.76987735,-122.170897,CLOSED,10/19/2009 13:35,CCD6,73RD AV & NEY AV,Oakland,CA,104
"309,781",7/9/2009 10:11,Phone or Email,Streets - Potholes/Depression,STREETSW,37.77176054,-122.224755,CLOSED,10/19/2009 14:50,CCD5,E 8TH ST & 36TH AV,Oakland,CA,102.2
"309,849",7/9/2009 14:12,Phone or Email,Streets - Potholes/Depression,STREETSW,37.78189193,-122.2008509,CLOSED,10/19/2009 12:56,CCD4,4518 ALLENDALE AV,Oakland,CA,101.9
"323,792",12/11/2009 16:04,Phone or Email,Streets - Potholes/Depression,STREETSW,37.84064942,-122.2178288,CLOSED,3/22/2010 20:34,CCD4,7093 BROADWAY TER,Oakland,CA,101.2
"310,012",7/10/2009 17:15,Phone or Email,Streets - Potholes/Depression,STREETSW,37.73615285,-122.1698897,CLOSED,10/19/2009 13:59,CCD7,107TH AVE & ROYAL ANN,Oakland,CA,100.9
"312,375",8/11/2009 8:28,Phone or Email,Streets - Potholes/Depression,STREETSW,37.80224812,-122.2250721,CLOSED,11/18/2009 9:15,CCD5,1525 EXCELSIOR AV,Oakland,CA,99
"316,781",9/28/2009 14:03,Phone or Email,Streets - Potholes/Depression,STREETSW,37.79324105,-122.2443262,CLOSED,1/4/2010 11:26,CCD2,12TH AV & E 18TH ST,Oakland,CA,97.9
"319,581",10/22/2009 14:45,Phone or Email,Streets - Potholes/Depression,STREETSW,37.80675464,-122.2417703,CLOSED,1/27/2010 13:58,CCD2,671 ATHOL AV,Oakland,CA,97
"311,958",8/5/2009 14:20,Phone or Email,Streets/Sidewalks - Pathway Repair,STREETSW,37.82967058,-122.2628893,CLOSED,11/10/2009 8:52,CCD1,471 41ST STREET,Oakland,CA,96.8
"314,001",8/27/2009 9:36,Phone or Email,Streets - Potholes/Depression,STREETSW,37.81548245,-122.2415007,CLOSED,12/1/2009 10:35,CCD2,WARFIELD AV & ROSAL AV,Oakland,CA,96
"317,251",10/2/2009 9:58,Phone or Email,Streets - Potholes/Depression,STREETSW,37.75871305,-122.1852703,CLOSED,1/4/2010 11:28,CCD6,1425 SUNSHINE CT,Oakland,CA,94.1
"317,732",10/7/2009 11:18,Phone or Email,Streets - Potholes/Depression,STREETSW,37.82795696,-122.2623118,CLOSED,1/7/2010 14:21,CCD1,3919 RUBY ST,Oakland,CA,92.1
"317,752",10/7/2009 14:02,Phone or Email,Streets - Potholes/Depression,STREETSW,37.81018195,-122.2886182,CLOSED,1/5/2010 11:03,CCD3,1266 14TH ST,Oakland,CA,89.9
"320,852",11/5/2009 8:47,Phone or Email,Streets - Potholes/Depression,STREETSW,37.79811396,-122.2750624,CLOSED,2/2/2010 16:42,CCD3,BROADWAY & 5TH ST,Oakland,CA,89.3
"318,879",10/16/2009 14:19,Phone or Email,Streets - Speed Bump Repair,STREETSW,37.79998538,-122.2453778,CLOSED,1/13/2010 16:17,CCD2,615 E 22ND ST,Oakland,CA,89.1
"310,884",7/23/2009 8:41,Phone or Email,Streets - Potholes/Depression,STREETSW,37.76138917,-122.1836806,CLOSED,10/19/2009 13:54,CCD6,73RD AV & HILLMONT DR,Oakland,CA,88.2
"310,926",7/23/2009 12:27,Phone or Email,Streets - Potholes/Depression,STREETSW,37.84667146,-122.2502759,CLOSED,10/19/2009 13:02,CCD1,5870 BIRCH CT,Oakland,CA,88
"313,603",8/24/2009 13:57,Phone or Email,Streets - Potholes/Depression,STREETSW,37.79165878,-122.2170104,CLOSED,11/18/2009 9:20,CCD5,SUNSET AV & BONA ST,Oakland,CA,85.8
"318,522",10/14/2009 8:48,Phone or Email,Streets - Potholes/Depression,STREETSW,37.80421254,-122.2623817,CLOSED,1/7/2010 14:18,CCD3,17TH ST & MADISON ST,Oakland,CA,85.2
"309,232",7/2/2009 14:59,Phone or Email,Streets - Potholes/Depression,STREETSW,37.77764953,-122.2290792,CLOSED,9/25/2009 10:53,CCD5,EAST 12TH ST & 29TH AV,Oakland,CA,84.8
"311,119",7/27/2009 8:52,Phone or Email,Streets - Potholes/Depression,STREETSW,37.83156723,-122.263717,CLOSED,10/19/2009 14:11,CCD1,TELEGRAPH AV,Oakland,CA,84.2
"311,122",7/27/2009 9:04,Phone or Email,Streets - Potholes/Depression,STREETSW,37.80004922,-122.1983001,CLOSED,10/19/2009 13:41,CCD4,3200 WISCONSIN ST,Oakland,CA,84.2
"311,120",7/27/2009 8:57,Phone or Email,Streets - Potholes/Depression,STREETSW,37.75389529,-122.1186346,CLOSED,10/19/2009 11:13,CCD7,SKYLINE BLVD & GRASS VALLEY RD,Oakland,CA,84.1
"311,277",7/28/2009 9:14,Phone or Email,Streets - Potholes/Depression,STREETSW,37.74966492,-122.1785477,CLOSED,10/19/2009 14:03,CCD7,1221 88TH AV,Oakland,CA,83.2
"311,408",7/29/2009 8:49,Phone or Email,Streets - Potholes/Depression,STREETSW,37.77739673,-122.2210134,CLOSED,10/19/2009 13:48,CCD5,1508 36TH AV,Oakland,CA,82.2
"309,385",7/6/2009 9:16,Phone or Email,Streets - Potholes/Depression,STREETSW,37.82283762,-122.2101967,CLOSED,9/25/2009 9:45,CCD4,6684 SIMS DR,Oakland,CA,81
"311,128",7/27/2009 9:29,Phone or Email,Streets - Potholes/Depression,STREETSW,37.79471337,-122.2459947,CLOSED,10/15/2009 13:00,CCD2,10TH AV & E 18TH ST,Oakland,CA,80.1
"319,673",10/26/2009 10:10,Phone or Email,Streets - Potholes/Depression,STREETSW,37.78850722,-122.2391929,CLOSED,1/13/2010 16:05,CCD2,1641 19TH AV,Oakland,CA,79.2
"309,668",7/8/2009 11:17,Phone or Email,Streets - Potholes/Depression,STREETSW,37.79734466,-122.2422903,CLOSED,9/25/2009 10:36,CCD2,10TH AV & EAST 22ND ST,Oakland,CA,79
"312,853",8/17/2009 14:46,Phone or Email,Streets - Potholes/Depression,STREETSW,37.82283762,-122.2101967,CLOSED,11/4/2009 8:54,CCD4,6684 SIMS DR.,Oakland,CA,78.8
"318,999",10/19/2009 10:21,Phone or Email,Streets - Potholes/Depression,STREETSW,37.81018195,-122.2886182,CLOSED,1/5/2010 11:05,CCD3,1266 14TH ST,Oakland,CA,78
"319,259",10/20/2009 11:14,Phone or Email,Streets - Potholes/Depression,STREETSW,37.83434029,-122.2630626,CLOSED,1/5/2010 11:15,CCD1,47TH ST & TELEGRAPH AV,Oakland,CA,77
"319,280",10/20/2009 12:53,Phone or Email,Streets - Potholes/Depression,STREETSW,37.82077387,-122.2844342,CLOSED,1/4/2010 11:17,CCD3,UNION ST & 28TH ST,Oakland,CA,75.9
"313,459",8/21/2009 10:49,Phone or Email,Streets - Potholes/Depression,STREETSW,37.78979553,-122.2221592,CLOSED,11/4/2009 9:55,CCD5,3015 BLOSSOM ST,Oakland,CA,75
"316,091",9/21/2009 11:06,Phone or Email,Streets - Potholes/Depression,STREETSW,37.75250298,-122.1682507,CLOSED,12/3/2009 14:45,CCD7,1969 90TH AV,Oakland,CA,73.2
"317,436",10/5/2009 12:09,Phone or Email,Streets - Mudslides / Landslides,STREETSW,37.85891409,-122.236499,CLOSED,12/15/2009 10:42,CCD1,128 GRAVATT DR,Oakland,CA,70.9
"311,133",7/27/2009 9:40,Phone or Email,Streets - Potholes/Depression,STREETSW,37.8279098,-122.2436727,CLOSED,10/5/2009 16:06,Piedmont,1687 GRAND AV,Oakland,CA,70.3
"312,381",8/11/2009 8:54,Phone or Email,Streets - Potholes/Depression,STREETSW,37.81985244,-122.2541172,CLOSED,10/19/2009 14:29,CCD1,MACARTHUR BLVD & HARRISON ST,Oakland,CA,69.2
"321,700",11/13/2009 14:13,Phone or Email,Fence - City Facility or Park,STREETSW,37.80670544,-122.2147619,CLOSED,1/21/2010 11:00,CCD4,DIMOND PARK,Oakland,CA,68.9
"310,443",7/16/2009 16:22,Phone or Email,Streets - Potholes/Depression,STREETSW,37.8196951,-122.2521363,CLOSED,9/23/2009 11:27,CCD2,44 MOSS AV,Oakland,CA,68.8
"312,578",8/12/2009 12:53,Phone or Email,Streets - Potholes/Depression,STREETSW,37.78729744,-122.1901657,CLOSED,10/19/2009 11:57,CCD4,4500 TULIP AVE,Oakland,CA,68
"322,139",11/19/2009 8:45,Phone or Email,Streets - Potholes/Depression,STREETSW,37.79903856,-122.2492153,CLOSED,1/25/2010 10:16,CCD2,19TH ST & 5TH ST,Oakland,CA,67.1
"324,315",12/21/2009 10:00,Phone or Email,Streets/Sidewalks - Curb & Gutter Repair,STREETSW,37.84563675,-122.2362748,CLOSED,2/26/2010 9:36,CCD1,6308 ACACIA AV,Oakland,CA,67
"310,664",7/21/2009 9:23,Phone or Email,Streets - Potholes/Depression,STREETSW,37.77375494,-122.2359683,CLOSED,9/25/2009 10:50,CCD5,FORD ST & 23RD ST,Oakland,CA,66.1
"310,692",7/21/2009 11:22,Phone or Email,Streets - Potholes/Depression,STREETSW,37.79635028,-122.2337204,CLOSED,9/25/2009 10:44,CCD2,2636 14TH AV,Oakland,CA,66
"310,551",7/20/2009 8:32,Phone or Email,Streets - Potholes/Depression,STREETSW,37.83676774,-122.208973,CLOSED,9/23/2009 10:51,CCD4,1742 GOULDIN RD,Oakland,CA,65.1
"310,709",7/21/2009 13:16,Phone or Email,Streets - Potholes/Depression,STREETSW,37.86290621,-122.2345587,CLOSED,9/23/2009 10:42,CCD1,1075 RISPIN DR,Oakland,CA,63.9
"320,465",11/2/2009 13:51,Phone or Email,Streets - Potholes/Depression,STREETSW,37.81197873,-122.2652563,CLOSED,1/5/2010 9:25,CCD3,23RD ST & WEBSTER ST,Oakland,CA,63.8
"310,769",7/22/2009 9:18,Phone or Email,Streets - Potholes/Depression,STREETSW,37.84175588,-122.2514934,CLOSED,9/23/2009 10:36,CCD1,COLLEGE AV & TAFT AV,Oakland,CA,63.1
"318,378",10/13/2009 15:21,Phone or Email,Streets - Mudslides / Landslides,STREETSW,37.82206395,-122.2067196,CLOSED,12/15/2009 9:48,CCD4,MOUNTAIN BLVD & PARK BLVD,Oakland,CA,62.8
"309,074",7/1/2009 8:21,Phone or Email,Streets - Street Deterioration,STREETSW,37.82810195,-122.2501739,CLOSED,9/1/2009 10:22,CCD1,4226 PIEDMONT AV,Oakland,CA,62.1
"314,901",9/4/2009 8:12,Phone or Email,Streets - Potholes/Depression,STREETSW,37.81075015,-122.2442599,CLOSED,11/2/2009 8:53,CCD2,3333 LAKESHORE AV,Oakland,CA,59
"311,117",7/27/2009 8:42,Phone or Email,Streets - Potholes/Depression,STREETSW,37.81707783,-122.2506272,CLOSED,9/23/2009 11:31,CCD2,490 CHETWOOD ST,Oakland,CA,58.1
"318,683",10/14/2009 23:12,Phone or Email,Streets - Potholes/Depression,STREETSW,37.81389142,-122.274349,CLOSED,12/11/2009 9:13,CCD3,23RD ST & SAN PABLO AV,Oakland,CA,57.4
"317,697",10/7/2009 8:52,Phone or Email,Streets - Potholes/Depression,STREETSW,37.82457639,-122.2081071,CLOSED,12/3/2009 14:35,CCD4,5549 SNAKE RD,Oakland,CA,57.2
"311,307",7/28/2009 11:26,Phone or Email,Streets - Potholes/Depression,STREETSW,37.84250302,-122.2304552,CLOSED,9/23/2009 10:40,CCD1,BUENA VISTA AV & BROADWAY TER,Oakland,CA,57
"313,135",8/19/2009 10:20,Phone or Email,Streets - Potholes/Depression,STREETSW,37.81202811,-122.2416101,CLOSED,10/15/2009 9:11,CCD2,3542 LAKESHORE AV,Oakland,CA,57
"309,484",7/6/2009 15:37,Phone or Email,Streets - Potholes/Depression,STREETSW,37.81566584,-122.2719746,CLOSED,9/1/2009 10:37,CCD3,MARTIN LUTHER KING JR WY & SYCAMORE ST,Oakland,CA,56.8
"315,528",9/15/2009 10:38,Phone or Email,Streets - Potholes/Depression,STREETSW,37.80418329,-122.2412357,CLOSED,11/10/2009 9:45,CCD2,575 SPRUCE ST,Oakland,CA,56
"313,355",8/20/2009 14:20,Phone or Email,Streets - Potholes/Depression,STREETSW,37.80106826,-122.2628783,CLOSED,10/15/2009 13:15,CCD3,14TH ST & LAKESIDE DR,Oakland,CA,56
"321,553",11/12/2009 14:19,Phone or Email,Streets - Potholes/Depression,STREETSW,37.80981108,-122.2658349,CLOSED,1/5/2010 11:10,CCD3,21ST ST & WEBSTER ST,Oakland,CA,53.9
"315,059",9/10/2009 10:55,Phone or Email,Streets - Potholes/Depression,STREETSW,37.81871482,-122.2498937,CLOSED,11/2/2009 8:52,CCD2,584 VERNON ST,Oakland,CA,52.9
"312,710",8/13/2009 13:55,Phone or Email,Streets - Potholes/Depression,STREETSW,37.79809859,-122.2706034,CLOSED,10/2/2009 16:11,CCD2,7TH ST & HARRISON ST,Oakland,CA,50.1
"321,822",11/16/2009 12:17,Phone or Email,Streets - Potholes/Depression,STREETSW,37.81196168,-122.2647435,CLOSED,1/5/2010 9:26,CCD3,326 23RD ST,Oakland,CA,49.9
"322,227",11/19/2009 15:35,Phone or Email,Streets - Potholes/Depression,STREETSW,37.83573029,-122.2626869,CLOSED,1/7/2010 14:19,CCD1,TELEGRAPH AV & 49TH ST,Oakland,CA,48.9
"314,105",8/27/2009 16:03,Phone or Email,Streets - Potholes/Depression,STREETSW,37.80453679,-122.2330877,CLOSED,10/15/2009 9:08,CCD2,CHATHAM RD & PARK BLVD,Oakland,CA,48.7
"322,080",11/18/2009 11:06,Phone or Email,Streets - Street Deterioration,STREETSW,37.80638055,-122.2654521,CLOSED,1/5/2010 11:11,CCD3,19TH ST & HARRISON ST,Oakland,CA,48
"324,356",12/21/2009 11:56,Phone or Email,Streets - Guardrail Repair,STREETSW,37.80726551,-122.2145522,CLOSED,2/5/2010 17:05,CCD4,DIMOND PARK,Oakland,CA,46.2
"322,136",11/19/2009 8:33,Phone or Email,Streets - Potholes/Depression,STREETSW,37.79648761,-122.2642788,CLOSED,1/4/2010 13:28,CCD2,8TH ST & FALLON ST,Oakland,CA,46.2
"319,781",10/27/2009 8:25,Phone or Email,Streets - Potholes/Depression,STREETSW,37.77153427,-122.2248259,CLOSED,12/11/2009 9:30,CCD5,36TH AV & E 8TH ST,Oakland,CA,45
"315,309",9/11/2009 16:16,Phone or Email,Streets/Sidewalks - Curb & Gutter Repair,STREETSW,37.83575511,-122.1852292,CLOSED,10/26/2009 9:37,CCD4,8000 SHEPHERD CANYON RD,Oakland,CA,44.7
"310,548",7/19/2009 14:38,Phone or Email,Streets - Potholes/Depression,STREETSW,37.7831385,-122.2075347,CLOSED,9/1/2009 9:17,CCD4,3RD & MLK,Oakland,CA,43.8
"317,641",10/6/2009 14:16,Phone or Email,Streets - Potholes/Depression,STREETSW,37.82733899,-122.2100476,CLOSED,11/18/2009 9:18,CCD4,MEDAU PL &  MOUNTAIN BLVD,Oakland,CA,42.8
"319,529",10/22/2009 10:04,Phone or Email,Streets - Potholes/Depression,STREETSW,37.74870295,-122.1693069,CLOSED,12/3/2009 14:56,CCD7,94TH AV & PLYMOUTH ST,Oakland,CA,42.2
"323,982",12/15/2009 10:50,Phone or Email,Fence - Repair or Install Along Street,STREETSW,37.83724009,-122.2677067,CLOSED,1/26/2010 10:04,CCD1,747 52ND ST,Oakland,CA,42
"314,790",9/3/2009 10:50,Phone or Email,Streets - Potholes/Depression,STREETSW,37.80972341,-122.2514509,CLOSED,10/15/2009 9:42,CCD3,427 EUCLID AV,Oakland,CA,42
"316,073",9/21/2009 10:07,Phone or Email,Streets - Potholes/Depression,STREETSW,37.80972341,-122.2514509,CLOSED,11/2/2009 8:45,CCD3,427 EUCLID AV,Oakland,CA,41.9
"320,259",10/30/2009 12:37,Phone or Email,Streets/Sidewalks Maintenance - General,STREETSW,37.8054632,-122.2784266,CLOSED,12/11/2009 9:31,CCD3,12TH ST,Oakland,CA,41.9
"313,553",8/21/2009 16:08,Phone or Email,Streets - Potholes/Depression,STREETSW,37.79250616,-122.243499,CLOSED,10/2/2009 12:06,CCD2,E 18TH ST & 13TH AV,Oakland,CA,41.8
"310,726",7/21/2009 15:08,Phone or Email,Streets - Potholes/Depression,STREETSW,37.79727958,-122.2090092,CLOSED,8/31/2009 10:54,CCD4,2837 DELAWARE ST,Oakland,CA,40.8
"310,802",7/22/2009 11:57,Phone or Email,Streets/Sidewalks Maintenance - General,STREETSW,37.79635602,-122.2337033,CLOSED,8/31/2009 10:58,CCD2,2638 14TH AV,Oakland,CA,40
"315,741",9/16/2009 14:29,Phone or Email,Streets - Potholes/Depression,STREETSW,37.83574506,-122.1851632,CLOSED,10/26/2009 9:35,CCD4,8020 SHEPHERD CANYON RD,Oakland,CA,39.8
"316,109",9/21/2009 12:26,Phone or Email,Streets - Potholes/Depression,STREETSW,37.83717929,-122.2033059,CLOSED,10/30/2009 15:52,CCD4,6864 ARMOUR DR,Oakland,CA,39.1
"319,956",10/28/2009 11:05,Phone or Email,Streets - Potholes/Depression,STREETSW,37.75172936,-122.1805558,CLOSED,12/3/2009 14:50,CCD7,8430 B ST,Oakland,CA,36.2
"311,124",7/27/2009 9:11,Phone or Email,Streets - Potholes/Depression,STREETSW,37.79536056,-122.2767758,CLOSED,9/1/2009 10:42,CCD3,EMBARCADERO & BROADWAY,Oakland,CA,36.1
"311,126",7/27/2009 9:19,Phone or Email,Streets - Potholes/Depression,STREETSW,37.79631037,-122.2791835,CLOSED,9/1/2009 10:44,CCD3,EMBARCADERO & CLAY ST,Oakland,CA,36.1
"311,131",7/27/2009 9:35,Phone or Email,Streets - Potholes/Depression,STREETSW,37.82399102,-122.2845739,CLOSED,9/1/2009 10:31,CCD3,3200 LOUISE ST,Oakland,CA,36
"311,185",7/27/2009 14:31,Phone or Email,Streets/Sidewalks Maintenance - General,STREETSW,37.74103421,-122.1613175,CLOSED,9/1/2009 13:09,CCD7,1943 105TH AV,Oakland,CA,35.9
"311,177",7/27/2009 14:03,Phone or Email,Streets - Potholes/Depression,STREETSW,37.82399102,-122.2845739,CLOSED,9/1/2009 10:47,CCD3,3200 LOUISE ST,Oakland,CA,35.9
"309,214",7/2/2009 13:51,Phone or Email,Streets - Potholes/Depression,STREETSW,37.80461167,-122.2445899,CLOSED,8/6/2009 10:32,CCD2,707 CLEVELAND AV,Oakland,CA,34.9
"311,419",7/29/2009 9:21,Phone or Email,Streets - Potholes/Depression,STREETSW,37.82325367,-122.2879185,CLOSED,9/1/2009 10:50,CCD3,ETTIE ST & 32ND ST,Oakland,CA,34.1
"323,009",12/2/2009 10:45,Phone or Email,Streets - Potholes/Depression,STREETSW,37.80764101,-122.2793651,CLOSED,1/5/2010 11:06,CCD3,1414 WEST ST,Oakland,CA,34
"315,310",9/11/2009 16:20,Phone or Email,Streets - Potholes/Depression,STREETSW,37.80859355,-122.2516978,CLOSED,10/15/2009 9:37,CCD3,EUCLID AV & GRAND AV,Oakland,CA,33.7
"311,448",7/29/2009 11:58,Phone or Email,Streets - Potholes/Depression,STREETSW,37.83828339,-122.2192217,CLOSED,8/31/2009 10:55,CCD4,1225 MOUNTAIN BLVD,Oakland,CA,33
"314,808",9/3/2009 12:18,Phone or Email,Streets - Potholes/Depression,STREETSW,37.80332468,-122.2275238,CLOSED,10/6/2009 11:13,CCD5,BEAUMONT AV & ALLMAN ST,Oakland,CA,33
"314,317",8/31/2009 13:05,Phone or Email,Streets - Potholes/Depression,STREETSW,37.83356822,-122.1864159,CLOSED,10/2/2009 14:17,CCD4,SKYLINE BLVD & EVERGREEN AV,Oakland,CA,32
"311,537",7/30/2009 9:41,Phone or Email,Streets - Potholes/Depression,STREETSW,37.81991785,-122.2001224,CLOSED,8/31/2009 9:37,CCD4,ASCOT DR & SCOUT RD,Oakland,CA,32
"317,152",10/1/2009 11:05,Phone or Email,Streets - Potholes/Depression,STREETSW,37.80967113,-122.2514566,CLOSED,11/2/2009 8:42,CCD3,429 EUCLID AV,Oakland,CA,31.9
"322,148",11/19/2009 9:22,Phone or Email,Streets - Potholes/Depression,STREETSW,37.78347708,-122.1972117,CLOSED,12/20/2009 18:16,CCD4,HERRIOTT AV & FAIRBAIRN AV,Oakland,CA,31.4
"309,384",7/6/2009 9:12,Phone or Email,Streets - Potholes/Depression,STREETSW,37.81738197,-122.2945464,CLOSED,8/6/2009 10:15,CCD3,WOOD ST & 20TH AV,Oakland,CA,31
"309,423",7/6/2009 11:42,Phone or Email,Streets - Potholes/Depression,STREETSW,37.80198349,-122.205306,CLOSED,8/6/2009 10:18,CCD4,3873 COOLIDGE AV,Oakland,CA,30.9
"311,650",7/31/2009 15:52,Phone or Email,Streets - Potholes/Depression,STREETSW,37.78463691,-122.2011664,CLOSED,8/31/2009 10:23,CCD4,4164 PENNIMAN AV,Oakland,CA,30.8
"309,510",7/7/2009 9:14,Phone or Email,Streets - Potholes/Depression,STREETSW,37.73027398,-122.1838369,CLOSED,8/6/2009 10:21,CCD7,EL VERANO ST & ISLETON AV,Oakland,CA,30
"313,148",8/19/2009 10:57,Phone or Email,Streets - Potholes/Depression,STREETSW,37.81597509,-122.2419935,CLOSED,9/18/2009 11:52,CCD2,966 SCOTT ST,Oakland,CA,30
"315,371",9/14/2009 11:32,Phone or Email,Streets - Potholes/Depression,STREETSW,37.8494983,-122.2657367,CLOSED,10/14/2009 11:56,CCD1,SHATTUCK AV & ALCATRAZ AV,Oakland,CA,30
"309,547",7/7/2009 12:44,Phone or Email,Streets - Potholes/Depression,STREETSW,37.81300435,-122.271049,CLOSED,8/6/2009 10:13,CCD3,NORTHGATE AV & 23RD ST,Oakland,CA,29.9
"319,039",10/19/2009 12:27,Phone or Email,Streets - Potholes/Depression,STREETSW,37.78409802,-122.2283987,CLOSED,11/18/2009 9:37,CCD5,1820 27TH AV,Oakland,CA,29.9
"314,763",9/3/2009 9:41,Phone or Email,Streets - Potholes/Depression,STREETSW,37.79856149,-122.271788,CLOSED,10/2/2009 12:08,CCD2,WEBSTER ST & 7TH ST,Oakland,CA,29.1
"309,666",7/8/2009 11:02,Phone or Email,Streets - Potholes/Depression,STREETSW,37.84509898,-122.251846,CLOSED,8/6/2009 10:27,CCD1,MILES AV & COLLEGE AV,Oakland,CA,29
"309,716",7/8/2009 14:09,Phone or Email,Streets - Potholes/Depression,STREETSW,37.78431974,-122.2433761,CLOSED,8/6/2009 9:39,CCD2,EMBARCADERO & JACK LONDON SQUARE,Oakland,CA,28.8
"309,762",7/9/2009 8:49,Phone or Email,Streets - Potholes/Depression,STREETSW,37.77531279,-122.2111407,CLOSED,8/6/2009 10:00,CCD5,1941 HIGH ST,Oakland,CA,28
"309,885",7/9/2009 16:26,Phone or Email,Streets - Potholes/Depression,STREETSW,37.79331938,-122.2460865,CLOSED,8/6/2009 9:47,CCD2,E 17TH ST & 11TH AV,Oakland,CA,27.7
"311,933",8/5/2009 11:57,Phone or Email,Streets/Sidewalks Maintenance - General,STREETSW,37.787862,-122.1444124,CLOSED,9/1/2009 12:53,CCD6,13312 CLAIRPOINTE WAY,Oakland,CA,27
"311,912",8/5/2009 10:43,Phone or Email,Streets - Potholes/Depression,STREETSW,37.83973474,-122.2813676,CLOSED,9/1/2009 9:12,CCD1,1073 AILEEN ST,Oakland,CA,26.9
"309,943",7/10/2009 13:24,Phone or Email,Streets - Potholes/Depression,STREETSW,37.73917167,-122.1797391,CLOSED,8/6/2009 10:20,CCD7,98TH AV & SAN LEANDRO BLVD,Oakland,CA,26.9
"312,017",8/6/2009 8:32,Phone or Email,Streets - Potholes/Depression,STREETSW,37.8556826,-122.2113903,CLOSED,9/1/2009 10:19,,5964 GRIZZLY PEAK BLVD,Oakland,CA,26.1
"323,705",12/11/2009 7:39,Phone or Email,Streets/Sidewalks - Pathway Repair,STREETSW,37.73641622,-122.1832324,CLOSED,1/6/2010 9:16,CCD7,98TH AV & EDES AV,Oakland,CA,26.1
"312,092",8/6/2009 14:31,Phone or Email,Streets - Potholes/Depression,STREETSW,37.84175588,-122.2514934,CLOSED,9/1/2009 10:07,CCD1,COLLEGE AV & TAFT AV,Oakland,CA,25.8
"312,083",8/6/2009 14:10,Phone or Email,Streets - Potholes/Depression,STREETSW,37.81465143,-122.2967241,CLOSED,9/1/2009 9:28,CCD3,WOOD ST & 16TH ST,Oakland,CA,25.8
"312,095",8/6/2009 15:06,Phone or Email,Streets - Potholes/Depression,STREETSW,37.76769429,-122.1920345,CLOSED,9/1/2009 9:19,CCD6,2249 62ND AV,Oakland,CA,25.8
"312,145",8/7/2009 10:00,Phone or Email,Streets - Potholes/Depression,STREETSW,37.76337778,-122.163177,CLOSED,9/1/2009 10:17,CCD7,8232 NEY AV,Oakland,CA,25
"323,750",12/11/2009 12:15,Phone or Email,Streets - Potholes/Depression,STREETSW,37.86706524,-122.2302244,CLOSED,1/5/2010 11:32,CCD1,7966 CLAREMONT AV,Oakland,CA,25
"318,849",10/16/2009 11:39,Phone or Email,Streets - Potholes/Depression,STREETSW,37.82949038,-122.2109491,CLOSED,11/10/2009 10:37,CCD4,COLTON BLVD & MOUNTAIN BLVD,Oakland,CA,25
"317,160",10/1/2009 12:08,Phone or Email,Streets - Potholes/Depression,STREETSW,37.82714331,-122.2748112,CLOSED,10/26/2009 9:20,CCD1,37TH ST & MARKET ST,Oakland,CA,24.9
"316,032",9/21/2009 8:23,Phone or Email,Streets - Potholes/Depression,STREETSW,37.82150759,-122.2545649,CLOSED,10/14/2009 11:35,CCD1,W MACARTHUR BLVD & FAIRMOUNT AV,Oakland,CA,23.1
"310,134",7/14/2009 9:55,Phone or Email,Streets - Potholes/Depression,STREETSW,37.79493597,-122.1821152,CLOSED,8/6/2009 10:34,CCD6,MOUNTAIN BLVD & FIELDBROOK RD,Oakland,CA,23
"310,223",7/14/2009 16:11,Phone or Email,Streets - Potholes/Depression,STREETSW,37.79739937,-122.2666301,CLOSED,8/6/2009 9:37,CCD2,8TH ST & MADISON ST,Oakland,CA,22.7
"312,230",8/10/2009 9:14,Phone or Email,Streets - Potholes/Depression,STREETSW,37.81913177,-122.2534458,CLOSED,9/1/2009 12:59,CCD2,SANTA CLARA AV & OAKLAND AV,Oakland,CA,22.2
"313,999",8/27/2009 9:33,Phone or Email,Streets - Potholes/Depression,STREETSW,37.81652238,-122.2419475,CLOSED,9/18/2009 11:55,CCD2,530 FAIRBANKS AV,Oakland,CA,22.1
"313,153",8/19/2009 11:09,Phone or Email,Streets - Potholes/Depression,STREETSW,37.81691748,-122.2404887,CLOSED,9/10/2009 13:15,CCD2,1049 WARFIELD AV,Oakland,CA,22.1
"312,246",8/10/2009 9:57,Phone or Email,Streets - Potholes/Depression,STREETSW,37.85144776,-122.2356071,CLOSED,9/1/2009 9:20,CCD1,62 ROBLE RD,Oakland,CA,22
"310,280",7/15/2009 11:21,Phone or Email,Streets - Potholes/Depression,STREETSW,37.79151725,-122.2180525,CLOSED,8/6/2009 10:36,CCD5,3028 E 29TH ST,Oakland,CA,22
"312,280",8/10/2009 11:30,Phone or Email,Streets - Potholes/Depression,STREETSW,37.77235035,-122.2180348,CLOSED,9/1/2009 10:13,CCD5,41ST AVE & EAST 12TH ST,Oakland,CA,21.9
"312,285",8/10/2009 12:09,Phone or Email,Streets - Potholes/Depression,STREETSW,37.84582163,-122.2870006,CLOSED,9/1/2009 10:14,CCD1,1185 64TH ST,Oakland,CA,21.9
"312,293",8/10/2009 13:29,Phone or Email,Streets - Potholes/Depression,STREETSW,37.77632317,-122.2249302,CLOSED,9/1/2009 10:10,CCD5,1243 33RD AV,Oakland,CA,21.9
"316,272",9/22/2009 15:05,Phone or Email,Streets - Potholes/Depression,STREETSW,37.79170189,-122.2064717,CLOSED,10/14/2009 11:28,CCD4,3424 SCHOOL ST,Oakland,CA,21.8
"310,333",7/15/2009 15:33,Phone or Email,Streets - Potholes/Depression,STREETSW,37.83119827,-122.2569654,CLOSED,8/6/2009 10:14,CCD1,360 42ND ST,Oakland,CA,21.8
"319,915",10/28/2009 8:19,Phone or Email,Streets - Potholes/Depression,STREETSW,37.81139067,-122.2108436,CLOSED,11/18/2009 9:50,CCD4,1600 LEIMERT BLVD,Oakland,CA,21.1
"319,925",10/28/2009 9:00,Phone or Email,Streets - Potholes/Depression,STREETSW,37.84091692,-122.2378269,CLOSED,11/18/2009 9:39,CCD1,BROADWAY TER & CLAREWOOD DR,Oakland,CA,21
"312,397",8/11/2009 10:24,Phone or Email,Streets - Potholes/Depression,STREETSW,37.81816536,-122.2437797,CLOSED,9/1/2009 9:47,CCD2,FAIRBANKS AV & WALKER AV,Oakland,CA,21
"312,409",8/11/2009 11:02,Phone or Email,Streets - Potholes/Depression,STREETSW,37.78845156,-122.1926217,CLOSED,9/1/2009 9:44,CCD4,HIGH ST & KANSAS ST,Oakland,CA,20.9
"312,434",8/11/2009 13:42,Phone or Email,Streets - Potholes/Depression,STREETSW,37.77871865,-122.1905899,CLOSED,9/1/2009 9:48,CCD6,BRANN ST & MORCOM AV,Oakland,CA,20.8
"314,201",8/28/2009 15:58,Phone or Email,Streets - Potholes/Depression,STREETSW,37.7996839,-122.2292981,CLOSED,9/18/2009 11:59,CCD2,3200 BEAUMONT AV,Oakland,CA,20.8
"312,437",8/11/2009 14:00,Phone or Email,Streets - Potholes/Depression,STREETSW,37.83624391,-122.2512525,CLOSED,9/1/2009 9:49,CCD1,COLLEGE AV & BROADWAY,Oakland,CA,20.8
"322,663",11/25/2009 10:04,Phone or Email,Streets - Berm Repair or Install,STREETSW,37.80552497,-122.1855643,CLOSED,12/15/2009 11:39,CCD4,3353 BRUNELL DR,Oakland,CA,20.1
"312,529",8/12/2009 9:21,Phone or Email,Streets - Potholes/Depression,STREETSW,37.82589344,-122.2841036,CLOSED,9/1/2009 10:48,CCD3,34TH ST & HOLLIS ST,Oakland,CA,20.1
"312,379",8/11/2009 8:50,Phone or Email,Streets - Potholes/Depression,STREETSW,37.81476083,-122.2595852,CLOSED,8/31/2009 9:33,CCD3,HAMILTON PL & HARRISON ST,Oakland,CA,20
"319,377",10/21/2009 9:32,Phone or Email,Streets/Sidewalks - Pathway Repair,STREETSW,37.82016417,-122.1994217,CLOSED,11/10/2009 8:54,CCD4,LARRY LN & ASCOT DR,Oakland,CA,20
"310,483",7/17/2009 11:38,Phone or Email,Streets - Street Deterioration,STREETSW,37.79373362,-122.256664,CLOSED,8/6/2009 10:26,CCD2,10TH ST  & 5TH AV,Oakland,CA,19.9
"318,275",10/13/2009 11:38,Phone or Email,Streets - Potholes/Depression,STREETSW,37.81738273,-122.2498865,CLOSED,11/2/2009 8:49,CCD2,520 CHETWOOD ST,Oakland,CA,19.9
"312,575",8/12/2009 12:32,Phone or Email,Streets - Potholes/Depression,STREETSW,37.83506045,-122.1875165,CLOSED,9/1/2009 9:16,CCD4,AITKEN DR & SHEPHERD CANYON RD,Oakland,CA,19.9
"322,296",11/20/2009 10:52,Phone or Email,Streets - Potholes/Depression,STREETSW,37.83855878,-122.2822988,CLOSED,12/9/2009 10:30,CCD1,SAN PABLO AV & 55TH ST,Oakland,CA,19
"319,536",10/22/2009 10:27,Phone or Email,Streets - Potholes/Depression,STREETSW,37.84440365,-122.2752137,CLOSED,11/10/2009 9:38,CCD1,900 STANFORD AV,Oakland,CA,19
"324,194",12/17/2009 15:08,Phone or Email,Streets - Potholes/Depression,STREETSW,37.73709936,-122.1968857,CLOSED,1/5/2010 9:18,CCD7,HEGENBERGER RD & EDGEWATER DR,Oakland,CA,18.8
"324,195",12/17/2009 15:11,Phone or Email,Streets - Potholes/Depression,STREETSW,37.73783858,-122.1993411,CLOSED,1/5/2010 9:16,CCD7,EDGEWATER DR & PENDLETON WY,Oakland,CA,18.8
"315,324",9/14/2009 8:46,Phone or Email,Streets - Potholes/Depression,STREETSW,37.80460303,-122.2784545,CLOSED,10/2/2009 14:14,CCD3,11TH ST & CASTRO ST,Oakland,CA,18.2
"324,215",12/18/2009 9:28,Phone or Email,Streets - Potholes/Depression,STREETSW,37.74578156,-122.150306,CLOSED,1/5/2010 11:30,CCD7,SHAW ST  &  STANLEY AV,Oakland,CA,18.1
"322,367",11/23/2009 8:10,Phone or Email,Sewers - General,STREETSW,37.84145274,-122.2756349,CLOSED,12/11/2009 9:11,CCD1,927 57TH ST,Oakland,CA,18
"320,322",10/31/2009 12:54,Phone or Email,Streets/Sidewalks Maintenance - General,STREETSW,37.81913177,-122.2534458,CLOSED,11/18/2009 9:22,CCD2,OAKLAND AVE & SANTACLARA ST,Oakland,CA,17.9
"312,753",8/13/2009 16:25,Phone or Email,Streets - Potholes/Depression,STREETSW,37.85801992,-122.2236701,CLOSED,8/31/2009 10:43,CCD1,6933 BRISTOL DR,Oakland,CA,17.8
"318,952",10/19/2009 8:24,Phone or Email,Streets - Potholes/Depression,STREETSW,37.74302206,-122.1650735,CLOSED,11/5/2009 9:52,CCD7,1716  101 ST,Oakland,CA,17.1
"322,459",11/23/2009 14:34,Phone or Email,Streets - Potholes/Depression,STREETSW,37.7646824,-122.1608464,CLOSED,12/10/2009 15:41,CCD7,UTAH ST & 82ND AV,Oakland,CA,17
"310,704",7/21/2009 12:53,Phone or Email,Streets - Street Deterioration,STREETSW,37.79638175,-122.2336346,CLOSED,8/6/2009 9:53,CCD2,2638 14TH AV,Oakland,CA,15.9
"322,692",11/25/2009 11:37,Phone or Email,Streets - Potholes/Depression,STREETSW,37.81544114,-122.2680948,CLOSED,12/11/2009 8:24,CCD3,26TH AV & TELEGRAPH AV,Oakland,CA,15.9
"314,721",9/2/2009 16:14,Phone or Email,Streets - Potholes/Depression,STREETSW,37.83153519,-122.2488938,CLOSED,9/18/2009 11:48,CCD1,PLEASANT VALLEY RD & MONTGOMERY ST,Oakland,CA,15.8
"316,976",9/29/2009 16:22,Phone or Email,Streets - Potholes/Depression,STREETSW,37.76352478,-122.1948944,CLOSED,10/15/2009 9:34,CCD6,1624 64TH AV,Oakland,CA,15.7
"319,644",10/26/2009 8:49,Phone or Email,Streets - Potholes/Depression,STREETSW,37.78835819,-122.2289686,CLOSED,11/10/2009 10:35,CCD5,2394 22ND ST,Oakland,CA,15.1
"324,322",12/21/2009 10:16,Phone or Email,Streets/Sidewalks Maintenance - General,STREETSW,37.81140557,-122.2717898,CLOSED,1/5/2010 11:35,CCD3,599 22ND ST,Oakland,CA,15.1
"321,788",11/16/2009 11:05,Phone or Email,Streets - Potholes/Depression,STREETSW,37.79881884,-122.2488432,CLOSED,12/1/2009 9:57,CCD2,536 E 19TH ST,Oakland,CA,15
"312,800",8/17/2009 10:33,Phone or Email,Streets - Potholes/Depression,STREETSW,37.77102936,-122.1816361,CLOSED,9/1/2009 9:14,CCD6,6600 BRANN ST,Oakland,CA,14.9
"315,913",9/17/2009 15:44,Phone or Email,Streets - Potholes/Depression,STREETSW,37.84599865,-122.2130166,CLOSED,10/2/2009 14:23,CCD1,6535 FARALLON WY,Oakland,CA,14.9
"321,812",11/16/2009 11:39,Phone or Email,Streets - Potholes/Depression,STREETSW,37.77748266,-122.2209601,CLOSED,12/1/2009 10:00,CCD5,1514 36TH AV,Oakland,CA,14.9
"319,229",10/20/2009 10:06,Phone or Email,Streets - Berm Repair or Install,STREETSW,37.83235183,-122.2053042,CLOSED,11/4/2009 8:23,CCD4,1941 ASILOMAR DR,Oakland,CA,14.9
"310,814",7/22/2009 14:54,Phone or Email,Streets - Street Deterioration,STREETSW,37.84292827,-122.2050173,CLOSED,8/6/2009 9:32,CCD1,6631 HEATHER RIDGE WY,Oakland,CA,14.8
"312,855",8/17/2009 14:49,Phone or Email,Streets - Potholes/Depression,STREETSW,37.77772039,-122.2201039,CLOSED,9/1/2009 9:10,CCD5,3621 E 16TH ST,Oakland,CA,14.8
"313,972",8/27/2009 2:05,Phone or Email,Streets - Potholes/Depression,STREETSW,37.85051156,-122.2524899,CLOSED,9/10/2009 13:13,CCD1,6323 COLLEGE AVE,Oakland,CA,14.5
"318,845",10/16/2009 11:17,Phone or Email,Streets - Potholes/Depression,STREETSW,37.84157613,-122.2088655,CLOSED,10/30/2009 15:49,CCD4,6300 THORNHILL DR,Oakland,CA,14.2
"313,440",8/21/2009 9:01,Phone or Email,Streets - Potholes/Depression,STREETSW,37.84834314,-122.2373392,CLOSED,9/4/2009 12:09,CCD1,5712 BUENA VISTA AV,Oakland,CA,14.1
"316,020",9/18/2009 15:43,Phone or Email,Streets - Potholes/Depression,STREETSW,37.81345849,-122.2686084,CLOSED,10/2/2009 16:24,CCD3,24TH ST & TELEGRAPH AV,Oakland,CA,14
"321,908",11/17/2009 9:32,Phone or Email,Streets - Potholes/Depression,STREETSW,37.82714331,-122.2748112,CLOSED,12/1/2009 10:01,CCD1,37TH ST  & MARKET ST,Oakland,CA,14
"322,061",11/18/2009 9:34,Phone or Email,Streets - Potholes/Depression,STREETSW,37.73693595,-122.1826147,CLOSED,12/2/2009 9:43,CCD7,98TH AV & WALTER AV,Oakland,CA,14
"322,680",11/25/2009 11:08,Phone or Email,Streets/Sidewalks - Portable Barriers Maint,STREETSW,37.74408062,-122.1442633,CLOSED,12/9/2009 11:10,CCD7,2950 PERALTA OAKS CT,Oakland,CA,14
"315,996",9/18/2009 14:52,Phone or Email,Streets - Potholes/Depression,STREETSW,37.75398609,-122.1606765,CLOSED,10/2/2009 14:27,CCD7,9370 MACARTHUR BLVD,Oakland,CA,14
"321,930",11/17/2009 10:58,Phone or Email,Streets - Potholes/Depression,STREETSW,37.80764101,-122.2793651,CLOSED,12/1/2009 9:48,CCD3,1414 WEST ST,Oakland,CA,14
"313,548",8/21/2009 15:39,Phone or Email,Streets - Potholes/Depression,STREETSW,37.80147823,-122.2486254,CLOSED,9/4/2009 12:08,CCD2,ATHOL AV & NEWTON AV,Oakland,CA,13.9
"319,426",10/21/2009 13:00,Phone or Email,Streets - Berm Repair or Install,STREETSW,37.84124139,-122.2218776,CLOSED,11/4/2009 8:27,CCD1,5911 AVOCA AV,Oakland,CA,13.8
"320,769",11/4/2009 14:11,Phone or Email,Streets - Potholes/Depression,STREETSW,37.79924865,-122.2625928,CLOSED,11/18/2009 9:33,CCD2,12TH ST & FALLON ST,Oakland,CA,13.8
"320,803",11/4/2009 15:26,Phone or Email,Streets - Potholes/Depression,STREETSW,37.79561035,-122.2445931,CLOSED,11/18/2009 9:06,CCD2,1946 10TH AV,Oakland,CA,13.7
"314,506",9/1/2009 12:00,Phone or Email,Streets - Potholes/Depression,STREETSW,37.80425563,-122.2290376,CLOSED,9/14/2009 15:42,CCD5,13TH AV & E 38TH ST,Oakland,CA,13.2
"313,129",8/19/2009 10:02,Phone or Email,Streets - Potholes/Depression,STREETSW,37.81913177,-122.2534458,CLOSED,9/1/2009 13:00,CCD2,SANTA CLARA AV & OAKLAND AV,Oakland,CA,13.1
"319,537",10/22/2009 10:40,Phone or Email,Streets - Mudslides / Landslides,STREETSW,37.82956437,-122.2109612,CLOSED,11/4/2009 8:36,CCD4,5600 COLTON BLVD,Oakland,CA,12.9
"313,059",8/18/2009 15:26,Phone or Email,Streets - Potholes/Depression,STREETSW,37.74290326,-122.1840642,CLOSED,8/31/2009 10:42,CCD7,9100 SAN LEANDRO ST,Oakland,CA,12.8
"322,123",11/18/2009 15:47,Phone or Email,Streets - Potholes/Depression,STREETSW,37.84470037,-122.2561178,CLOSED,12/1/2009 10:38,CCD1,CLAREMONT AV & COLBY ST,Oakland,CA,12.8
"318,425",10/13/2009 16:16,Phone or Email,Streets - Mudslides / Landslides,STREETSW,37.82971065,-122.188607,CLOSED,10/26/2009 9:08,CCD4,6825 EXETER DR,Oakland,CA,12.7
"323,450",12/8/2009 11:22,Phone or Email,Streets/Sidewalks Maintenance - General,STREETSW,37.86837499,-122.2178437,CLOSED,12/20/2009 15:59,CCD1,GRIZZLY PEAK BLVD & CLAREMONT AV,Oakland,CA,12.2
"317,810",10/8/2009 8:10,Phone or Email,Streets - Potholes/Depression,STREETSW,37.8189387,-122.2897121,CLOSED,10/20/2009 10:48,CCD3,24TH ST & CAMPBELL ST,Oakland,CA,12.1
"313,090",8/19/2009 8:15,Phone or Email,Streets - Potholes/Depression,STREETSW,37.78554988,-122.1921229,CLOSED,8/31/2009 10:14,CCD4,MACARTHUR BLVD & GREEN ACRE RD,Oakland,CA,12.1
"313,091",8/19/2009 8:17,Phone or Email,Streets - Potholes/Depression,STREETSW,37.78733798,-122.1948045,CLOSED,8/31/2009 10:16,CCD4,HIGH ST & MACARTHUR BLVD,Oakland,CA,12.1
"313,117",8/19/2009 9:25,Phone or Email,Streets - Potholes/Depression,STREETSW,37.81087688,-122.2460909,CLOSED,8/31/2009 9:34,CCD2,700 RAND AV,Oakland,CA,12
"322,171",11/19/2009 10:58,Phone or Email,Streets - Potholes/Depression,STREETSW,37.79095716,-122.2483085,CLOSED,12/1/2009 10:48,CCD2,1158 INTERNATIONAL BLVD,Oakland,CA,12
"317,266",10/2/2009 11:15,Phone or Email,Streets - Potholes/Depression,STREETSW,37.8129175,-122.2596004,CLOSED,10/14/2009 11:00,CCD3,75 VERNON ST,Oakland,CA,12
"313,157",8/19/2009 11:41,Phone or Email,Streets - Mudslides / Landslides,STREETSW,37.87374104,-122.234122,CLOSED,8/31/2009 10:51,CCD1,GRIZZLY PEAK BLVD & SOUTH PARK DR,Oakland,CA,12
"313,159",8/19/2009 12:00,Phone or Email,Streets - Potholes/Depression,STREETSW,37.78507588,-122.1897413,CLOSED,8/31/2009 10:11,CCD4,MACARTHUR BLVD & ENOS AV,Oakland,CA,11.9
"318,591",10/14/2009 12:17,Phone or Email,Streets - Potholes/Depression,STREETSW,37.79903025,-122.2567962,CLOSED,10/26/2009 9:18,CCD3,1441 1ST AV,Oakland,CA,11.9
"316,090",9/21/2009 11:05,Phone or Email,Streets/Sidewalks - Pooling Water,STREETSW,37.81230836,-122.2151752,CLOSED,10/2/2009 16:07,Piedmont,4901 PARK BLVD,Oakland,CA,11.2
"320,388",11/2/2009 10:07,Phone or Email,Streets - Berm Repair or Install,STREETSW,37.85552522,-122.2227738,CLOSED,11/13/2009 11:56,CCD1,6850 CHARING CROSS RD,Oakland,CA,11.1
"320,280",10/30/2009 14:51,Phone or Email,Streets - Potholes/Depression,STREETSW,37.82103854,-122.2077279,CLOSED,11/10/2009 10:26,CCD4,PARK BLVD & MONTEREY BLVD,Oakland,CA,10.8
"320,279",10/30/2009 14:46,Phone or Email,Streets - Potholes/Depression,STREETSW,37.81482922,-122.2021387,CLOSED,11/10/2009 9:47,CCD4,MONTEREY BLVD & LEIMERT BLVD,Oakland,CA,10.8
"322,368",11/23/2009 8:18,Phone or Email,Streets - Potholes/Depression,STREETSW,37.76087409,-122.2055595,CLOSED,12/3/2009 14:29,CCD6,SAN LEANDRO BLVD & SEMINARY AV,Oakland,CA,10.3
"318,805",10/16/2009 8:47,Phone or Email,Streets - Potholes/Depression,STREETSW,37.72947749,-122.1939865,CLOSED,10/26/2009 9:49,CCD7,BIGGE AV & 98TH AV,Oakland,CA,10
"318,806",10/16/2009 8:51,Phone or Email,Streets - Potholes/Depression,STREETSW,37.8366393,-122.2499665,CLOSED,10/26/2009 9:44,CCD1,255 CLIFTON ST,Oakland,CA,10
"315,550",9/15/2009 11:29,Phone or Email,Streets - Potholes/Depression,STREETSW,37.83527884,-122.2581495,CLOSED,9/25/2009 9:47,CCD1,392 49TH ST,Oakland,CA,9.9
"315,553",9/15/2009 11:34,Phone or Email,Streets - Potholes/Depression,STREETSW,37.81277864,-122.2305552,CLOSED,9/25/2009 9:51,CCD2,850 CARLSTON AV,Oakland,CA,9.9
"317,383",10/5/2009 10:22,Phone or Email,Streets - Potholes/Depression,STREETSW,37.8347113,-122.2749576,CLOSED,10/15/2009 8:37,CCD1,971 45TH ST,Oakland,CA,9.9
"317,511",10/5/2009 14:58,Phone or Email,Streets - Potholes/Depression,STREETSW,37.8328225,-122.2194312,CLOSED,10/15/2009 8:29,CCD4,MORAGA AV & MASONIC AV,Oakland,CA,9.7
"314,485",9/1/2009 10:29,Phone or Email,Streets - Potholes/Depression,STREETSW,37.83041096,-122.2535737,CLOSED,9/10/2009 16:04,CCD1,4236 TERRACE ST,Oakland,CA,9.2
"317,370",10/5/2009 10:00,Phone or Email,Streets - Potholes/Depression,STREETSW,37.80619008,-122.2459564,CLOSED,10/14/2009 12:00,CCD2,566 RADNOR RD,Oakland,CA,9.1
"317,401",10/5/2009 11:06,Phone or Email,Streets - Potholes/Depression,STREETSW,37.81020819,-122.2169859,CLOSED,10/14/2009 11:58,CCD5,PARK BLVD & DOLORES AV,Oakland,CA,9
"317,566",10/6/2009 9:14,Phone or Email,Streets - Potholes/Depression,STREETSW,37.82932313,-122.265184,CLOSED,10/15/2009 8:39,CCD1,560 40TH ST,Oakland,CA,9
"321,187",11/9/2009 11:33,Phone or Email,Streets - Potholes/Depression,STREETSW,37.84407916,-122.2396433,CLOSED,11/18/2009 9:10,CCD1,ACACIA AV & MANCHESTER DR,Oakland,CA,8.9
"317,545",10/5/2009 16:21,Phone or Email,Streets - Potholes/Depression,STREETSW,37.82074334,-122.2628989,CLOSED,10/14/2009 11:10,CCD3,WEBSTER ST & HAWTHORNE AV,Oakland,CA,8.8
"319,722",10/26/2009 14:31,Phone or Email,Streets - Potholes/Depression,STREETSW,37.81913177,-122.2534458,CLOSED,11/4/2009 8:46,CCD2,OAKLAND AV & MACARTHUR BLVD,Oakland,CA,8.8
"313,997",8/27/2009 9:27,Phone or Email,Streets - Potholes/Depression,STREETSW,37.82000122,-122.2520535,CLOSED,9/4/2009 11:43,CCD2,564 OAKLAND AV,Oakland,CA,8.1
"321,362",11/10/2009 10:54,Phone or Email,Streets - Potholes/Depression,STREETSW,37.7882599,-122.2078186,CLOSED,11/18/2009 8:54,CCD4,OCTAVIA ST & ALLENDALE AV,Oakland,CA,7.9
"320,456",11/2/2009 13:33,Phone or Email,Streets - Berm Repair or Install,STREETSW,37.83947837,-122.2156266,CLOSED,11/10/2009 10:33,CCD4,11037 BROADWAY TER,Oakland,CA,7.9
"315,218",9/10/2009 16:14,Phone or Email,Streets - Potholes/Depression,STREETSW,37.78895495,-122.2057233,CLOSED,9/18/2009 11:54,CCD4,3630 PENNIMAN AV,Oakland,CA,7.8
"311,275",7/28/2009 9:11,Phone or Email,Streets - Potholes/Depression,STREETSW,37.85107632,-122.2687638,CLOSED,8/4/2009 16:01,CCD1,FAIRVIEW ST & DOVER ST,Oakland,CA,7.3
"316,597",9/25/2009 8:46,Phone or Email,Streets - Potholes/Depression,STREETSW,37.78924364,-122.2083604,CLOSED,10/2/2009 14:19,CCD4,2763 35TH AV,Oakland,CA,7.2
"316,606",9/25/2009 9:45,Phone or Email,Streets - Potholes/Depression,STREETSW,37.81592905,-122.2551048,CLOSED,10/2/2009 14:18,CCD3,357 VERNON ST,Oakland,CA,7.2
"314,807",9/3/2009 12:11,Phone or Email,Streets - Potholes/Depression,STREETSW,37.80040971,-122.2539902,CLOSED,9/10/2009 16:05,CCD3,ATHOL AV & E 18TH ST,Oakland,CA,7.2
"314,809",9/3/2009 12:22,Phone or Email,Streets - Potholes/Depression,STREETSW,37.80225706,-122.2315839,CLOSED,9/10/2009 16:07,CCD2,MACARTHUR BLVD & 13TH AV,Oakland,CA,7.2
"323,086",12/3/2009 9:16,Phone or Email,Streets - Potholes/Depression,STREETSW,37.85124966,-122.2107996,CLOSED,12/10/2009 10:54,CCD1,6059 SKYLINE BLVD,Oakland,CA,7.1
"318,968",10/19/2009 8:57,Phone or Email,Streets - Potholes/Depression,STREETSW,37.788128,-122.2427386,CLOSED,10/26/2009 9:46,CCD2,MARIN WY & 17TH AV,Oakland,CA,7
"310,028",7/13/2009 9:23,Phone or Email,Streets - Potholes/Depression,STREETSW,37.76947456,-122.2087674,CLOSED,7/20/2009 9:37,CCD5,INTERNATIONAL BLVD & 50TH AV,Oakland,CA,7
"314,155",8/28/2009 12:12,Phone or Email,Streets - Potholes/Depression,STREETSW,37.82656015,-122.2109092,CLOSED,9/4/2009 12:21,CCD4,6470 MORAGA AV,Oakland,CA,7
"316,912",9/29/2009 14:43,Phone or Email,Streets/Sidewalks Maintenance - General,STREETSW,37.84631525,-122.2011949,CLOSED,10/6/2009 11:32,CCD1,6837 ELVERTON DR,Oakland,CA,6.9
"323,187",12/4/2009 11:40,Phone or Email,Streets - Potholes/Depression,STREETSW,37.81913177,-122.2534458,CLOSED,12/11/2009 8:26,CCD2,OAKLAND AV & SANTA CLARA AV,Oakland,CA,6.9
"319,043",10/19/2009 13:05,Phone or Email,Streets - Potholes/Depression,STREETSW,37.80303196,-122.2106717,CLOSED,10/26/2009 9:47,CCD4,3832 LINCOLN AV,Oakland,CA,6.9
"320,640",11/3/2009 14:43,Phone or Email,Streets/Sidewalks Maintenance - General,STREETSW,37.8389048,-122.214647,CLOSED,11/10/2009 10:30,CCD4,401 TAURUS AV,Oakland,CA,6.8
"322,622",11/24/2009 15:41,Phone or Email,Streets - Potholes/Depression,STREETSW,37.79792814,-122.2396074,CLOSED,12/1/2009 10:46,CCD2,11TH AV & E 24TH ST,Oakland,CA,6.8
"322,625",11/24/2009 15:47,Phone or Email,Streets - Potholes/Depression,STREETSW,37.79013097,-122.260085,CLOSED,12/1/2009 10:44,CCD2,EMBARCADERO COVE & 5TH AV,Oakland,CA,6.8
"320,678",11/3/2009 15:44,Phone or Email,Streets - Potholes/Depression,STREETSW,37.77228434,-122.1558501,CLOSED,11/10/2009 9:50,CCD7,MOUNTAIN BLVD & KELLER AV,Oakland,CA,6.8
"317,978",10/9/2009 10:21,Phone or Email,Streets - Potholes/Depression,STREETSW,37.75824049,-122.1473929,CLOSED,10/15/2009 12:44,CCD7,9450 MOUNTAIN BLVD,Oakland,CA,6.1
"317,985",10/9/2009 11:25,Phone or Email,Streets - Potholes/Depression,STREETSW,37.84533357,-122.2519554,CLOSED,10/15/2009 12:53,CCD1,5701 COLLEGE AV,Oakland,CA,6.1
"316,848",9/29/2009 10:23,Phone or Email,Streets - Potholes/Depression,STREETSW,37.78296565,-122.2182976,CLOSED,10/5/2009 11:33,CCD5,ALEXANDER CT & 35TH AV,Oakland,CA,6
"313,671",8/25/2009 8:27,Phone or Email,Streets - Potholes/Depression,STREETSW,37.76983432,-122.1774082,CLOSED,8/31/2009 9:32,CCD6,FOOTHILL BLVD & CHURCH ST,Oakland,CA,6
"320,113",10/29/2009 11:42,Phone or Email,Streets - Potholes/Depression,STREETSW,37.78342189,-122.2248632,CLOSED,11/4/2009 9:52,CCD5,2928 E 19TH ST,Oakland,CA,5.9
"317,926",10/8/2009 14:15,Phone or Email,Streets - Potholes/Depression,STREETSW,37.83934434,-122.2104801,CLOSED,10/14/2009 10:56,CCD4,6101 THORNHILL DR,Oakland,CA,5.9
"323,608",12/9/2009 16:22,Phone or Email,Streets - Potholes/Depression,STREETSW,37.84175588,-122.2514934,CLOSED,12/15/2009 12:48,CCD1,COLLEGE AV & TAFT AV,Oakland,CA,5.9
"320,137",10/29/2009 13:34,Phone or Email,Streets/Sidewalks - Curb & Gutter Repair,STREETSW,37.82177013,-122.288842,CLOSED,11/4/2009 9:41,CCD3,28TH ST & MANDELA PKWY,Oakland,CA,5.8
"320,773",11/4/2009 14:19,Phone or Email,Streets - Potholes/Depression,STREETSW,37.81935926,-122.1891021,CLOSED,11/10/2009 9:41,CCD4,6547 CASTLE DR,Oakland,CA,5.8
"315,878",9/17/2009 15:12,Phone or Email,Streets - Street Deterioration,STREETSW,37.82206395,-122.2067196,CLOSED,9/23/2009 10:33,CCD4,PARK & MOUNTAIN,Oakland,CA,5.8
"320,158",10/29/2009 14:33,Phone or Email,Streets - Potholes/Depression,STREETSW,37.80360181,-122.2307291,CLOSED,11/4/2009 9:50,CCD5,1270 EXCELSIOR AV,Oakland,CA,5.8
"321,544",11/12/2009 13:59,Phone or Email,Streets - Potholes/Depression,STREETSW,37.79248373,-122.2353366,CLOSED,11/18/2009 8:59,CCD2,2225 19TH AV,Oakland,CA,5.8
"320,196",10/29/2009 16:14,Phone or Email,Streets - Potholes/Depression,STREETSW,37.78989663,-122.2455457,CLOSED,11/4/2009 9:46,CCD2,E 15TH ST & 14TH AV,Oakland,CA,5.7
"323,957",12/15/2009 9:03,Phone or Email,Streets/Sidewalks Maintenance - General,STREETSW,37.81160817,-122.2918344,CLOSED,12/20/2009 17:53,CCD3,1415 15TH ST,Oakland,CA,5.4
"317,968",10/9/2009 9:14,Phone or Email,Streets - Potholes/Depression,STREETSW,37.80231096,-122.2415414,CLOSED,10/14/2009 11:38,CCD2,2700 PARK BLVD,Oakland,CA,5.1
"323,645",12/10/2009 10:27,Phone or Email,Streets - Potholes/Depression,STREETSW,37.81970657,-122.2708661,CLOSED,12/15/2009 12:47,CCD3,3004 MARTIN LUTHER KING JR  WY,Oakland,CA,5.1
"320,871",11/5/2009 10:13,Phone or Email,Streets - Potholes/Depression,STREETSW,37.77091879,-122.1547054,CLOSED,11/10/2009 9:52,CCD7,SHONE AV & MOUNTAIN BLVD,Oakland,CA,5
"317,990",10/9/2009 11:41,Phone or Email,Streets - Potholes/Depression,STREETSW,37.81019316,-122.2735058,CLOSED,10/14/2009 10:53,CCD3,20TH ST & MARTIN LUTHER KING JR WY,Oakland,CA,5
"320,223",10/30/2009 10:12,Phone or Email,Streets - Potholes/Depression,STREETSW,37.84068926,-122.21509,CLOSED,11/4/2009 8:33,CCD4,125 URANUS AV,Oakland,CA,4.9
"310,295",7/15/2009 13:38,Phone or Email,Streets - Potholes/Depression,STREETSW,37.79954834,-122.2830379,CLOSED,7/20/2009 9:43,CCD3,3RD AV & BRUSH ST,Oakland,CA,4.8
"320,263",10/30/2009 13:08,Phone or Email,Streets - Potholes/Depression,STREETSW,37.81913177,-122.2534458,CLOSED,11/4/2009 8:52,CCD2,SANTA CLARA & OAKLAND AV,Oakland,CA,4.8
"322,924",12/1/2009 15:00,Phone or Email,Streets - Potholes/Depression,STREETSW,37.84364233,-122.2589192,CLOSED,12/6/2009 7:29,CCD1,5725  HERMANN ST,Oakland,CA,4.7
"316,700",9/28/2009 8:32,Phone or Email,Streets - Potholes/Depression,STREETSW,37.84769365,-122.2535803,CLOSED,10/2/2009 15:44,CCD1,6050 CLAREMONT AV,Oakland,CA,4.3
"316,703",9/28/2009 8:36,Phone or Email,Streets - Potholes/Depression,STREETSW,37.85064782,-122.248118,CLOSED,10/2/2009 15:09,CCD1,FLORIO ST & ROSS ST,Oakland,CA,4.3
"316,723",9/28/2009 9:27,Phone or Email,Streets - Potholes/Depression,STREETSW,37.82620609,-122.2574187,CLOSED,10/2/2009 15:49,CCD1,3800 BROADWAY,Oakland,CA,4.3
"319,661",10/26/2009 9:30,Phone or Email,Streets - Potholes/Depression,STREETSW,37.80429025,-122.2503396,CLOSED,10/30/2009 15:47,CCD3,466 WESLEY,Oakland,CA,4.3
"316,722",9/28/2009 9:24,Phone or Email,Streets - Potholes/Depression,STREETSW,37.84533357,-122.2519554,CLOSED,10/2/2009 15:41,CCD1,5701 COLLEGE AV,Oakland,CA,4.3
"324,078",12/16/2009 11:36,Phone or Email,Streets - Potholes/Depression,STREETSW,37.77479232,-122.2360306,CLOSED,12/20/2009 17:11,CCD5,2800 CHAPMAN ST,Oakland,CA,4.2
"310,358",7/16/2009 8:35,Phone or Email,Streets - Potholes/Depression,STREETSW,37.84667146,-122.2502759,CLOSED,7/20/2009 9:45,CCD1,5870 BIRCH CT,Oakland,CA,4
"317,253",10/2/2009 10:20,Phone or Email,Streets - Potholes/Depression,STREETSW,37.80068667,-122.247731,CLOSED,10/6/2009 11:17,CCD2,E 21ST ST & PARK BLVD,Oakland,CA,4
"316,043",9/21/2009 9:01,Phone or Email,Streets - Potholes/Depression,STREETSW,37.81913177,-122.2534458,CLOSED,9/25/2009 9:50,CCD2,OAKLAND AV & SANTA CLARA AV,Oakland,CA,4
"314,295",8/31/2009 11:45,Phone or Email,Streets - Potholes/Depression,STREETSW,37.83952625,-122.2558776,CLOSED,9/4/2009 12:19,CCD1,5300 SHAFTER AV,Oakland,CA,4
"319,738",10/26/2009 15:40,Phone or Email,Streets - Potholes/Depression,STREETSW,37.77364446,-122.2352633,CLOSED,10/30/2009 15:54,CCD5,2828 FORD ST,Oakland,CA,4
"317,265",10/2/2009 11:09,Phone or Email,Streets/Sidewalks Maintenance - General,STREETSW,37.7840426,-122.1761129,CLOSED,10/6/2009 11:21,CCD6,LEONA ST & MOUNTAIN VIEW AV,Oakland,CA,4
"316,845",9/29/2009 10:11,Phone or Email,Streets - Potholes/Depression,STREETSW,37.79677337,-122.2736111,CLOSED,10/2/2009 12:09,CCD3,374 4TH ST,Oakland,CA,3.1
"323,300",12/7/2009 10:15,Phone or Email,Streets - Potholes/Depression,STREETSW,37.75589373,-122.17919,CLOSED,12/10/2009 10:58,CCD6,1437 82ND AV,Oakland,CA,3
"320,385",11/2/2009 10:04,Phone or Email,Streets - Potholes/Depression,STREETSW,37.80354932,-122.2395245,CLOSED,11/5/2009 9:57,CCD2,20 HOME PL W,Oakland,CA,3
"323,366",12/7/2009 14:32,Phone or Email,Streets - Potholes/Depression,STREETSW,37.74305065,-122.1710098,CLOSED,12/10/2009 11:18,CCD7,1320 99TH AV,Oakland,CA,2.9
"318,179",10/12/2009 16:10,Phone or Email,Streets - Potholes/Depression,STREETSW,37.82623322,-122.2105346,CLOSED,10/15/2009 12:50,CCD4,LA SALLE AV & MORAGA AV,Oakland,CA,2.9
"320,484",11/2/2009 14:48,Phone or Email,Streets - Potholes/Depression,STREETSW,37.80766301,-122.2795456,CLOSED,11/5/2009 9:55,CCD3,1409 WEST ST,Oakland,CA,2.8
"318,077",10/12/2009 9:49,Phone or Email,Streets - Potholes/Depression,STREETSW,37.81913177,-122.2534458,CLOSED,10/14/2009 11:53,CCD2,OAKLAND AV & SANTA CLARA AV,Oakland,CA,2.1
"316,039",9/21/2009 8:49,Phone or Email,Streets - Potholes/Depression,STREETSW,37.82940093,-122.2518564,CLOSED,9/23/2009 10:31,CCD1,4229 MONTGOMERY ST,Oakland,CA,2.1
"314,460",9/1/2009 9:06,Phone or Email,Streets - Potholes/Depression,STREETSW,37.84435796,-122.2751468,CLOSED,9/3/2009 10:42,CCD1,STANFORD AV & MARKET ST,Oakland,CA,2.1
"318,276",10/13/2009 11:39,Phone or Email,Streets - Mudslides / Landslides,STREETSW,37.82440504,-122.2062817,CLOSED,10/15/2009 13:09,CCD4,SHEPHERD CANYON RD & SNAKE RD,Oakland,CA,2.1
"311,781",8/4/2009 9:24,Phone or Email,Streets - Potholes/Depression,STREETSW,37.80028953,-122.2489506,CLOSED,8/6/2009 9:42,CCD2,3RD AV & PARK BLVD,Oakland,CA,2
"318,347",10/13/2009 14:39,Phone or Email,Streets - Potholes/Depression,STREETSW,37.8309277,-122.2531807,CLOSED,10/15/2009 12:46,CCD1,4260 TERRACE ST,Oakland,CA,1.9
"318,345",10/13/2009 14:35,Phone or Email,Streets - Mudslides / Landslides,STREETSW,37.8271392,-122.1874888,CLOSED,10/15/2009 12:34,CCD4,SHIRLEY DR & BURTON DR,Oakland,CA,1.9
"318,429",10/13/2009 16:22,Phone or Email,Streets - Mudslides / Landslides,STREETSW,37.86837499,-122.2178437,CLOSED,10/15/2009 12:39,CCD1,GRIZZLY PEAK BLVD & CLAREMONT AV,Oakland,CA,1.8
"323,524",12/8/2009 15:58,Phone or Email,Streets - Potholes/Depression,STREETSW,37.76935193,-122.2126747,CLOSED,12/10/2009 11:19,CCD5,E 12TH ST & 47TH ST,Oakland,CA,1.8
"318,503",10/13/2009 19:12,Phone or Email,Streets - Mudslides / Landslides,STREETSW,37.80996453,-122.192032,CLOSED,10/15/2009 12:36,CCD4,BUTTERS DR & JOAQUIN MILLER RD,Oakland,CA,1.7
"311,875",8/4/2009 17:44,Phone or Email,Streets - Potholes/Depression,STREETSW,37.78775596,-122.209991,CLOSED,8/6/2009 9:41,CCD4,3530 BROKEDALE,Oakland,CA,1.7
"324,338",12/21/2009 11:01,Phone or Email,Streets/Sidewalks - Portable Barriers Maint,STREETSW,37.77361986,-122.1694413,CLOSED,12/22/2009 17:39,CCD6,3167 73RD AV,Oakland,CA,1.3
"322,743",12/1/2009 8:28,Phone or Email,Streets - Potholes/Depression,STREETSW,37.73329717,-122.1783267,CLOSED,12/2/2009 11:30,CCD7,105TH AV & EDES AV,Oakland,CA,1.1
"322,381",11/23/2009 8:49,Phone or Email,Streets - Potholes/Depression,STREETSW,37.78809466,-122.2220124,CLOSED,11/24/2009 9:36,CCD5,3048 LOGAN ST,Oakland,CA,1
"316,199",9/22/2009 9:22,Phone or Email,Streets - Potholes/Depression,STREETSW,37.84092338,-122.2830518,CLOSED,9/23/2009 10:06,CCD1,STANFORD AV & SAN PABLO AV,Oakland,CA,1
"314,262",8/31/2009 10:15,Phone or Email,Streets - Potholes/Depression,STREETSW,37.81160817,-122.2918344,CLOSED,9/1/2009 8:57,CCD3,1415 15TH ST,Oakland,CA,0.9
"318,248",10/13/2009 10:35,Phone or Email,Streets - Potholes/Depression,STREETSW,37.81989773,-122.1999939,CLOSED,10/13/2009 17:09,CCD4,20 ASCOT PL,Oakland,CA,0.3
"315,233",9/11/2009 9:09,Phone or Email,Streets/Sidewalks Maintenance - General,STREETSW,37.83156723,-122.263717,CLOSED,9/11/2009 14:25,CCD1,TELEGRAPH AV,Oakland,CA,0.2
"311,702",8/3/2009 11:18,Phone or Email,Streets - Potholes/Depression,STREETSW,37.84368576,-122.2783797,CLOSED,8/3/2009 16:25,CCD1,981 60TH ST,Oakland,CA,0.2
"317,437",10/5/2009 12:11,Phone or Email,Streets - Potholes/Depression,STREETSW,37.81913177,-122.2534458,CLOSED,10/5/2009 14:09,CCD2,OAKLAND AV & SANTA CLARA AV,Oakland,CA,0.1
"317,054",9/30/2009 13:50,Phone or Email,Streets - Potholes/Depression,STREETSW,37.77946679,-122.205585,CLOSED,9/30/2009 15:09,CCD5,CONGRESS AV & COURTLAND AV,Oakland,CA,0.1
"322,684",11/25/2009 11:17,Phone or Email,Streets/Sidewalks - Portable Barriers Maint,STREETSW,37.86406206,-122.2332864,CLOSED,11/25/2009 11:20,CCD1,CLAREMONT AV & RISPIN DR,Oakland,CA,0
"317,946",10/8/2009 15:58,Phone or Email,Streets - Potholes/Depression,STREETSW,37.83296523,-122.2648865,CLOSED,10/8/2009 16:00,CCD1,541  45TH STREET,Oakland,CA,0
"323,244",12/6/2009 16:28,Phone or Email,Streets - Potholes/Depression,STREETSW,37.84602323,-122.2548987,CLOSED,12/6/2009 16:30,CCD1,5800 CLAREMONT AVE,Oakland,CA,0
